[{
    "id": "wlkj_JX1_HX",
    "copy-from": "storage_battery",
    "type": "MAGAZINE",
    "name": "聚能核心",
    "name_plural": "聚能核心",
    "description": "一个通体银色，呈圆球状。你能从上面感受到强烈的能量波动",
    "weight": 31000,
    "volume": 10,
    "price": 500000,
    "price_postapoc": 80000,
    "bashing": 14,
    "capacity": 100000
  },{
    "id": "wlkj_JX1_HX",
    "copy-from": "storage_battery",
    "type": "vehicle_part",
    "name": "聚能核心",
    "item": "wlkj_JX1_HX",
    "difficulty": 1,
    "durability": 2000,
    "folded_volume": 10,
    "location": "on_battery_mount", 
    "breaks_into": [ { "item": "scrap", "count": [ 1, 4 ] }, { "item": "small_storage_battery", "count": [ 0, 4 ] } ],
    "requirements": { "install": { "time": 20000 } },
    "extend": { "flags": [ "TOOL_SCREWDRIVER", "FOLDABLE" ] }
  }
  
  ]