[
  {
    "id": "boss_xy",
    "type": "MONSTER",
    "name": "项羽",
    "description": "西楚霸王:项羽。羽之神勇，千古无二.",
    "default_faction": "military",
   "species": [ "MAMMAL" ],
   "harvest": "human",
    "diff": 14,
    "size": "SMALL",
    "hp": 1000,
    "speed": 200,
    "material": [ "steel" ],
    "symbol": "X",
    "color": "white",
    "aggression": 10,   "//":"攻击性",
    "morale": 100,    "//":"士气",
    "armor_bash": 20,    "//":"钝击防御力,",
    "armor_cut": 30,   "//":"防穿甲能力",
    "luminance": 0,   "//":"自身亮度",
    "rarity":1,    "//":"稀有程度",
    "melee_skill": 15,    "//":"近战等级",
    "melee_dice": 30,
    "melee_dice_sides": 20,
    "melee_cut": 40,     "//":"穿刺攻击",
    "special_freq":[1],  "//":"特殊攻击频率",
   	"special_attacks":[
			["LONGSWIPE", 15],
			["SMASH", 35],
			{
				"type" : "bite",
				"cooldown" : 5,
				"min_mul" : 0.75
			},
			["GRAB_DRAG", 8]
			],
    "death_function": [ "NORMAL" ], 
    "flags":["SEES", "SMELLS", "HEARS", "PATH_AVOID_DANGER_1", "BASHES", "DESTROYS", "BLEED", "ATTACKMON", "BONES", "LEATHER", "FAT", "WARM"]
  }
  
  ]