[
 {
		"id": "WXKJ_ll_ice",
		"type":"AMMO",	
		"category" : "wxkj_lq",
		"ammo_type" : "WXKJ_resoure_LQ_type",
		"name": "冰灵力",
		"name_plural": "冰灵力",
		"symbol": "~",
		"color": "blue",
		"description": "冰属性灵力，可以用于制作各种物品。",
		"material": ["wxkj_lq_meterial"],
		"weight": 0,	
		"volume" : 0,
		"flags": ["NO_SALVAGE"]		
	}, {
		"id": "WXKJ_ll_water",
		"type":"AMMO",	
		"category" : "wxkj_lq",
		"ammo_type" : "WXKJ_resoure_LQ_type",
		"name": "水灵力",
		"name_plural": "水灵力",
		"symbol": "~",
		"color": "blue",
		"description": "水属性灵力，可以用于制作各种物品。",
		"material": ["wxkj_lq_meterial"],
		"weight": 0,	
		"volume" : 0,
		"flags": ["NO_SALVAGE"]		
	},{
		"id": "WXKJ_ll_earth",
		"type":"AMMO",
		"category": "wxkj_lq",
		"ammo_type" : "WXKJ_resoure_LQ_type",
		"name": "土灵力",	
		"name_plural": "土灵力",	
		"symbol": ".",
		"color": "white",
		"description": "土属性灵力，可以制作各种物品。",
		"material": ["wxkj_lq_meterial"],
		"weight": 0,
		"volume" : 0,		
		"flags": ["NO_SALVAGE"]
	},{
		"id": "WXKJ_ll_tree",
		"type":"AMMO",
		"category": "wxkj_lq",
		"ammo_type" : "WXKJ_resoure_LQ_type",	
		"name": "木灵力",	
		"name_plural": "木灵力",
		"symbol": ".",
		"color": "brown",
		"description": "木属性灵力，可以制作各类物品。",
		"material": ["wxkj_lq_meterial"],
		"weight": 0,
		"volume" : 0,
		"flags": ["NO_SALVAGE"]
	},{
		"id": "WXKJ_ll_thunder",
		"type":"AMMO",
		"category": "wxkj_lq",
		"ammo_type" : "WXKJ_resoure_LQ_type",	
		"name": "雷灵力",	
		"name_plural": "雷灵力",
		"symbol": ".",
		"color": "white",
		"description": "雷属性灵力，可以制作各类物品。",
		"material": ["wxkj_lq_meterial"],
		"weight": 0,
		"volume" : 0,
		"flags": ["NO_SALVAGE"]
	},{
		"id": "WXKJ_ll_wind",
		"type":"AMMO",
		"category": "wxkj_lq",
		"ammo_type" : "WXKJ_resoure_LQ_type",	
		"name": "风灵力",	
		"name_plural": "风灵力",
		"symbol": ".",
		"color": "gray",
		"description": "风属性灵力，可以制作各类物品!",
		"material": ["wxkj_lq_meterial"],
		"weight": 0,
		"volume" : 0,
		"flags": ["NO_SALVAGE"]
	},{
		"id": "WXKJ_ll_fire",
		"type":"AMMO",
		"category": "wxkj_lq",
		"ammo_type" : "WXKJ_resoure_LQ_type",	
		"name": "火灵力",	
		"name_plural": "火灵力",
		"symbol": ".",
		"color": "light_gray",
		"description": "火属性灵力，可以制作各种物品",
		"material": ["wxkj_lq_meterial"],
		"weight": 0,
		"volume" : 0,
		"flags": ["NO_SALVAGE"]
	}
]