[
{
		"type" : "item_group",
		"subtype": "collection",
		"comment": "符篆彩蛋掉落",	
		"id": "mon_drop_FZCD1",
		"entries":
			[
				{ "item": "Spell_03", "count": [0,1],"prob": 1 },
				{ "item": "wxkj_FL3_kclk1", "count": [0,1],"prob": 2 },
				{ "item": "wxkj_jade_small", "count": [0,3],"prob": 10 },
				{ "item": "wx_lqt_1", "count": [0,5],"prob": 2 },
				{ "item": "FZ_paper", "count": [1,10],"prob": 100 }
			]
	},	
	{
		"type" : "MONSTER",
		"id" : "SKFZCD1",
		"copy-from" : "SKFZCD1",
		"death_drops": 
		{
			"subtype": "collection",
			"groups": 
			[
				[ "mon_drop_FZCD1", 100 ]
			]
		}
	}
	
	]
	