    [
   {	
		"type": "profession",
		"ident": "wxkj_mhjl_JLYX",
		"name": "神殿守卫",
		"description": "你是精灵族里的一名预备游侠,同时你还是精灵神殿的一名守卫。",
		"points": 3,
		"skills": 
			[
				{
				"level": 4,
				"name": "survival"
				},
				{
				"level": 3,
				"name": "WX_SKILL-LQ"
				},
					{
				"level": 3,
				"name": "WX_SKILL-XXTF"
				},			
				{
				"level": 4,
				"name": "melee"
				},
				{
				"level": 2,
				"name": "dodge"
				},
				{
				"level": 6,
				"name": "archery"
				}
			],
		"items": 
			{
			"both": [
			     "WXKJ_yeying_asft",
							 "WXKJ_yeying_asfw",
							 "WXKJ_yeying_asqx",
				    "WXKJ_yeying_asqk",
        "WXKJ_yeying_asqj",
        "wxkj_mhjl_yxdz",
        "wxkj_mhjl_ylzg1",
        "wxkj_jl_Jx1",
        "wxkj_jl_Jx",
        "wx_jl_j1",
        "bscabbard",
        "JLNLJ"
        
				],
            "male": [
                "briefs"
				],
            "female": [
                "bra",
                "halter_top",
                "panties"
                
				]		
			},
		"flags": ["SCEN_ONLY"]
	}
]