    [
   {	
		"type": "profession",
		"ident": "wxkj_mhjl_JLYX2",
		"name": "精灵游侠",
		"description": "你是精灵游侠中的佼佼者.",
		"points": 3,
		"skills": 
			[
				{
				"level": 5,
				"name": "survival"
				},
				{
				"level": 3,
				"name": "WX_SKILL-LQ"
				},
					{
				"level": 4,
				"name": "WX_SKILL-XXTF"
				},			
				{
				"level": 6,
				"name": "melee"
				},
				{
				"level": 6,
				"name": "dodge"
				},
				{
				"level": 6,
				"name": "archery"
				}
			],
		"items": 
			{
			"both": [
			     "WXKJ_youxia_ft",
							 "WXKJ_youxia_fw",
							 "WXKJ_youxia_px",
				    "WXKJ_youxia_dm",
        "WXKJ_youxia_pj",
        "wxkj_mhjl_yxdz",
        "wxkj_mhjl_ylzg1",
        "wxkj_jl_Jx1",
        "wxkj_jl_Jx",
        "wx_jl_yxzj",
        "bscabbard",
        "JLNLJ"
        
				],
            "male": [
                "briefs"
				],
            "female": [
                "bra",
                "halter_top",
                "panties"
                
				]		
			},
		"flags": ["SCEN_ONLY"]
	}
]