[
{
        "type":"TOOL",
        "id": "wxkj_CCZ_ldlh",
      		"category" : "wxkj_lq_lq",
        "name": "传承珠:六道轮回",
        "name_plural": "传承珠:六道轮回",
        "description": "一枚传承珠,上面刻画着常人晦涩难懂的符文,使用后将会搜索附近是否存在与其对应的传承.",
        "symbol": "@",
        "color": "red",
        "volume" : 1,		
		      "weight": 1,
        "material": ["wxkj_ts"],
		"max_charges": 1,
		"initial_charges":0,
		"ammo": "WXKJ_resoure_LQ_type",
			"use_action": {
			"type": "transform",
			"msg": "随着灵气的激发，传承珠向四周发出阵阵波纹向外扫描! \n传承珠耗尽灵气后,缓缓的化作一张地图. ",
			"target": "wxkj_CCZ_ldlh2",
			"active": true,
			"need_charges": 1,
			"need_charges_msg": "灵气不足以支撑传承珠的激发"
			}
   	},
  {
    "id": "wxkj_CCZ_ldlh2",
    "copy-from": "abstractmap",
    "type": "GENERIC",
    "name": "传承探测情况",
    "name_plural": "传承探测情况",
    "description": "一张地图上面描述着周围是否存在六道轮回的传承",
    "color": "green",
    "use_action":
    {
      "type": "reveal_map",
      "radius": 180,
      "terrain": [ "jade_ore_01" ],
      "message": "你从图中了解周围是否存在传承遗迹.."
    }
    }  
    ]