[  
  {
    "type" : "npc",
    "id" : "merchant_Med",
    "name_suffix" : "医生",
    "class" : "Merc_Med",
    "attitude" : 0,
    "mission" : 3,
    "chat" : "TALK_Merc_Med",
    "faction" : "wasteland_scavengers",
	
	        "traits": [
            [ "PACKMULE", 100 ]
			]
  },
  {
    "type" : "npc",
    "id" : "merchant_Smith",
    "name_suffix" : "铁匠",
    "class" : "Merc_Smith",
    "attitude" : 0,
    "mission" : 3,
    "chat" : "TALK_Merc_Smith",
    "faction" : "wasteland_scavengers",
	
	        "traits": [
            [ "PACKMULE", 100 ]
			]
  }
]