[
  {
    "id": "Merchantbag",
    "type": "ARMOR",
    "name": "商队旅行包",
    "//": "상인 전용",
    "description": "行李箱, 通常是商队使用. 它太笨重了. 搬不动, 然而当你需要去另一个区域交易时, 这是最完美的存储箱之一.",
    "weight": 2560,
    "volume": 80,
    "price": 79,
    "to_hit": 1,
    "bashing": 1,
    "material": [ "cotton", "plastic" ],
    "symbol": "[",
    "color": "green",
    "covers": [ "LEGS", "TORSO", "ARMS" ],
    "coverage": 1,
    "encumbrance": 60,
    "storage": 300,
    "material_thickness": 1,
    "flags": [ "VARSIZE" ]
  }
]