[
    {
        "type" : "MONSTER_FACTION",
        "//":"总关系",
        "name" : "pokemon"
    },{
        "type" : "MONSTER_FACTION",
        "name" : "mwh_family",
        "base_faction" : "pokemon",
        "friendly" : ["phl_family", "sjg_family"],
        "neutral" : ["human"]
    },{
        "type" : "MONSTER_FACTION",
        "name" : "phl_family",
        "base_faction" : "pokemon",
        "friendly" : ["mwh_family", "sjg_family"],
        "neutral" : ["human"]
    },{
        "type" : "MONSTER_FACTION",
        "name" : "sjg_family",
        "base_faction" : "pokemon",
        "friendly" : ["mwh_family", "phl_family"],
        "neutral" : ["human"]
    }
    
    ]