[
{
		"id": "WXKJ_yeying_asft",
		"type": "TOOL_ARMOR",
		"category" : "wxkj_lq_lq",
		"symbol": "[",
		"color": "white",
		"name": "暗噬护腿",
		"description": "使用特殊材料制作的护腿，上面刻着许多神秘的符文。\n被动：快步",
		"material": ["wxkj_ts"],
        "volume" : 12,		
      		"weight": 200,
        "warmth" : 15,
        "covers" : ["LEGS"],
        "coverage" : 95,		
        "encumbrance" : 15,
      		"environmental_protection" : 1,
        "material_thickness" : 3,
       	"artifact_data" :
        		 {
			  "effects_worn": ["AEP_SPEED_UP"]
			        },
		"flags" : ["OUTER","STURDY","SUPER_FANCY","WATER_FRIENDLY"]
	},
{
		"id": "WXKJ_yeying_asfw",
		"type": "TOOL_ARMOR",
		"category" : "wxkj_lq_lq",
		"symbol": "[",
		"color": "white",
		"name": "暗噬护腕",
		"description": "使用特殊材料制作的护腕，上面刻着许多神秘的符文。",
		"material": ["wxkj_ts"],
        "volume" : 12,		
      		"weight": 200,
        "warmth" : 15,
        "covers" : ["HANDS"],
        "coverage" : 95,		
        "encumbrance" : 5,
      		"environmental_protection" : 1,
        "material_thickness" : 3,
       	"artifact_data" :
        		 {
			  "effects_worn": ["AEP_CARRY_MORE"]
			        },
		"flags" : ["OUTER","STURDY","SUPER_FANCY","WATER_FRIENDLY"]
	},
  {
		"id": "WXKJ_yeying_asqx",
		"type": "TOOL_ARMOR",
		"category" : "wxkj_lq_lq",
		"symbol": "[",
		"color": "white",
		"name": "暗噬轻靴",
		"description": "使用特殊材料制作的轻靴，上面刻着许多神秘的符文。\n被动：静步 ",
		"material": ["wxkj_ts"],
        "volume" : 12,		
      		"weight": 400,
        "warmth" : 10,
        "covers" : ["FEET"],
        "coverage" : 95,		
        "encumbrance" : 5,
      		"environmental_protection" : 1,
        "material_thickness" : 2,
       	"artifact_data" :
        		 {		  "effects_worn":["AEP_STEALTH"]
			        },
		"flags" : ["OUTER","STURDY","SUPER_FANCY","WATER_FRIENDLY"]
	},
	  {
		"id": "WXKJ_yeying_asqk",
		"type": "TOOL_ARMOR",
		"category" : "wxkj_lq_lq",
		"symbol": "[",
		"color": "white",
		"name": "暗噬轻盔",
		"description": "使用特殊材料制作的轻盔，上面刻着许多神秘的符文。\n被动：精神守护",
		"material": ["wxkj_ts"],
        "volume" : 12,		
      		"weight": 200,
        "warmth" : 10,
        "covers" : ["HEAD"],
        "coverage" : 95,		
        "encumbrance" : 10,
      		"environmental_protection" : 1,
        "material_thickness" : 3,
       	"artifact_data" :
        		 {
			  "effects_worn": ["AEP_PSYSHIELD"]
			        },
		"flags" : ["BLOCK_WHILE_WORN","OUTER","STURDY","SUPER_FANCY","WATER_FRIENDLY"]
	},
  {
		"id": "WXKJ_yeying_asqj",
		"type": "TOOL_ARMOR",
		"category" : "wxkj_lq_lq",
		"symbol": "[",
		"color": "white",
		"name": "暗噬轻甲",
		"description": "使用特殊材料制作的轻甲，上面刻着许多神秘的符文。\n \n主动技能：隐身术，让身体隐身，但无法屏蔽气味。每回合(6秒)消耗5灵力。",
		"material": ["wxkj_ts"],
        "volume" : 12,		
		"weight": 4000,
        "warmth" : 20,
        "covers" : ["TORSO", "ARMS"],
        "coverage" : 95,		
        "encumbrance" : 15,
      		"environmental_protection" : 1,
        "material_thickness" : 4,
       	"storage" : 10,
		"ammo": "WXKJ_resoure_LQ_type",
		"max_charges": 300,
		"use_action": {
			"type": "transform",
			"msg": "技能发动，你的身体倏而透明。",
			"target": "WXKJ_yeying_asqj_active",
			"active": true,
			"need_charges": 30,"//":"最少需要30灵力才可以激活",
			"need_charges_msg": "战甲需要足够的灵力才能启动。"
			},
		"flags" : ["BLOCK_WHILE_WORN","OUTER","STURDY","SUPER_FANCY","WATER_FRIENDLY"]
	},{
		"id": "WXKJ_yeying_asqj_active",
		"type": "TOOL_ARMOR",
		"category" : "wxkj_lq_lq",
		"symbol": "[",
		"color": "white",
		"name": "暗噬轻甲",
		"description": "使用特殊材料制作的轻甲，上面刻着许多神秘的符文。",
		"material": ["wxkj_ts"],
        "volume" : 12,		
     		"weight": 4000,
        "warmth" : 20,
        "covers" : ["TORSO", "ARMS"],
        "coverage" : 100,		
        "encumbrance" : 5,
		"environmental_protection" : 5,
        "material_thickness" : 5,
        "storage" : 10,
		"artifact_data" : {
			  "effects_worn": ["AEP_INVISIBLE"]
			},		
		"ammo": "WXKJ_resoure_LQ_type",
		"max_charges": 300,
		"charges_per_use": 5, "//":"每次消耗3灵力",
		"turns_per_charge": 1,   "//":"每3回合消耗一次",
		"use_action": {
			"type": "transform",
			"msg": "隐身效果消失，你的身体显影而出。",
			"target": "WXKJ_yeying_asqj",   "//":"主动取消后恢复的形态"
			},
		"revert_to": "WXKJ_yeying_asqj",  "//":"能量消耗完恢复的形态",
		"revert_msg": "战甲的能量用尽，隐形效果消失。",	
		"flags" : ["BLOCK_WHILE_WORN","OUTER","STURDY","SUPER_FANCY","WATER_FRIENDLY"]
		
	}
	
	]
   