[
  	  	{
        "type":"TOOL",
        "id": "wxkj_jl_j2",
      		"category" : "wxkj_lq_lq",
        "name": "精灵测试箭",
        "name_plural": "精灵测试箭",
        "description": "用于测试的精灵能量箭.",
        "symbol": "@",
        "color": "red",
        "volume" : 1,		
		      "weight": 1,
        "material": ["wxkj_ts"],
      		"artifact_data" : 
		{
					"charge_type": "ARTC_NULL"
		},
		"max_charges": 24,
		"initial_charges":24,
		"charges_per_use": 1,
		"turns_per_charge": 6,
		"ammo": "WXKJ_resoure_LQ_type",		
		"revert_to": "WXKJ_resoure_LQ",
		"revert_msg":"符篆耗尽灵气化作光点缓缓消逝.",
		"use_action": "ARTIFACT"
	}
	]