[
	{
		"type":"GENERIC",
		"id": "wx_lqt_1",
		"name": "灵气团",
		 "name_plural": "灵气团",
		"description": "由大量灵气凝聚而成的灵气团，里面蕴含浓郁的灵气。",
		"symbol": "&",
		"color": "brown",
		"material": ["wxkj_lq_meterial"],
		"weight": 0,
		"volume": 0,
 	"flags" : ["TRADER_AVOID"]
	},{
		"type" : "uncraft",
		"result": "wx_lqt_1",
		"time": 100,
		"flags": ["BLIND_HARD"],	
		"components": 
		[
			[
			[ "WXKJ_resoure_LQ", 100 ]
			]
		]		
	},
	{
		"type":"GENERIC",
		"id": "wx_lz_1",
		"name": "灵珠",
		 "name_plural": "灵珠",
		"description": "由大量灵气凝聚而成的灵珠，里面蕴含大量的灵气。",
		"symbol": "&",
		"color": "brown",
		"material": ["wxkj_lq_meterial"],
		"weight": 0,
		"volume": 0,
 	"flags" : ["TRADER_AVOID"]
	},{
		"type" : "uncraft",
		"result": "wx_lz_1",
		"time": 100,
		"flags": ["BLIND_HARD"],	
		"components": 
		[
			[
			[ "WXKJ_resoure_LQ", 1000 ]
			]
		]		
	}
]