[
{
"type":"TOOL",
        "id": "wxkj_jlz_lq",
		"category" : "wxkj_lq_lq",
        "name": "聚灵珠",
        "name_plural": "聚灵珠",
        "description": "内部雕刻着某种阵法使其缓慢的凝聚周围的灵气.\n当珠内灵气为0时,必须填充1单位的灵气作为种子,以吸引周围的灵气,否则无法凝聚灵气.",
        "symbol": "@",
        "color": "red",
        "volume" : 3,		
		      "weight": 40,
        "material": ["wxkj_ts"],
		"max_charges": 500,
		"initial_charges":1,
		"ammo": "WXKJ_resoure_LQ_type",
		"artifact_data" : {
			"charge_type": "ARTC_TIME"
		},
		"use_action": "ARTIFACT"
	
	}
	]