 [
{
        "type" : "npc_class",
        "id" : "JD_SW_JBT",
        "name" : "守卫",
        "job_description" : "警备团",
        "common" : false,
        "bonus_str" : { "rng" : [ 4, 10 ] },
        "bonus_per" : { "rng" : [ 4, 10 ] },
        "bonus_int" : { "one_in" : 6 },
        "skills" : [
            {
                "skill" : "ALL", "level" : {
                    "sum" :
                        [{ "dice" : [ 3, 2 ] },
                        { "constant" : -3 }]
                }
            },
            { "skill": "dodge", "bonus" : { "rng" : [ 2, 3 ] } },
            { "skill": "melee", "bonus" : { "rng" : [ 2, 3 ] } },
            { "skill": "unarmed", "bonus" : { "rng" : [ 1, 2 ] } },
            { "skill": "rifle", "bonus" : { "rng" : [ 5, 6 ] } },
            { "skill": "gun", "bonus" : { "rng" : [ 3, 6 ] } }
        ]
    },
    {
        "type" : "npc_class",
        "id" : "JD_SW02_JBT",
        "name" : "守卫",
        "job_description" : "警备团",
        "common" : false,
        "bonus_str" : { "rng" : [ 4, 10 ] },
        "bonus_per" : { "rng" : [ 4, 10 ] },
        "bonus_int" : { "one_in" : 6 },
        "skills" : [
            {
                "skill" : "ALL", "level" : {
                    "sum" :
                        [{ "dice" : [ 5, 2 ] },
                        { "constant" : -3 }]
                }
            },
            { "skill": "dodge", "bonus" : { "rng" : [ 2, 3 ] } },
            { "skill": "melee", "bonus" : { "rng" : [ 2, 3 ] } },
            { "skill": "unarmed", "bonus" : { "rng" : [ 1, 2 ] } },
            { "skill": "rifle", "bonus" : { "rng" : [ 5, 8 ] } },
            { "skill": "gun", "bonus" : { "rng" : [ 4, 6 ] } }
        ]
    }
    
    ]