[
{
        "type" : "overmap_special",
        "id" : "Safezone",
        "overmaps" : [
            { "point":[0,0,0], "overmap":"JD_JS02_north"},
            { "point":[2,0,0], "overmap":"JD_JS_north"},
            { "point":[3,0,0], "overmap":"JD_JS_X01_north"},
            { "point":[2,1,0], "overmap":"JD_JS_22_north"},
            { "point":[2,2,0], "overmap":"JD_JS_32_north"},
            { "point":[0,1,0], "overmap":"JD_JS_23_north"},
            { "point":[0,2,0], "overmap":"JD_JS_33_north"},
            { "point":[3,2,0],"overmap":"JD_JS_X31_north"},             { "point":[1,0,0],"overmap": "JD_JS1.0_north"},               { "point":[1,1,0],"overmap": "JD_JS1.1_north"},
            { "point":[1,2,0],"overmap": "JD_JS1.2_north"}
        ],
         "locations" : [ "wilderness" ],
        "city_distance" : [1, 5],
        "city_sizes" : [1, 12],
        "occurrences" : [1, 2],
        "rotate" : true,
        "flags" : [ "CLASSIC" ]
 
    }
    
    ]