[
  {
    "type": "mapgen",
    "method": "json",
    "om_terrain": [ "JD_JS" ],
    "object": {
      "fill_ter": "t_grass",
      "rows": [
        "cccccccccccccccccccccccc",   
        "cccccccccccccccccccccccc",     
        "ttttttttttttttttiitttttd",
        "ttttttttttttttttiiiiiiic",
        "vyyyyyyyyyyyyyyviiiiiiic",
        "eeeeeeeeeeeeeeeeeeeeeegf",
        "eeeeeeeeeeeeeeeeeeeeeeeb",
        "eeeeeeeeeeeeeeeeeeeeeeeb",
        "eeeeeeeeeeeeeeeeeeeeeeeb",
        "eeeeeeeeeeeeeeeeeeeeeeeb",
        "eeeeeeeeeeeeeeeeeeeeeeeb",
        "rrrrrrrrrrrrrrrrrrrrreeb",
        "rrrrrrrrrrrrrrrrrrrrreeb",
        "eeeeeeeeeeeeeeeeeeeeeeeb",
        "eeeeeeeeeeeeeeeeeeeeeeeb",
        "eeeeeeeeeeeeeeeeeeeeeeeb",
        "eeeeeeeeeeeeeeeeeeeeeeeb",
        "eeeeeeeeeeeeeeeeeeeeeeeb",
        "eeeeeeeeeeeeeeeeeeeeeegf",
        "vyyyyyyyyyyyyyyvyyyyyyyc",
        "ttttttttttttttttiiiiiiic",
        "ttttttttttttttttiitttttd",
        "ttttttttttttttttiitttttc",  
        "aaaaaaaaaattaaaaaaaataac" 
     
      ],
      "terrain": {
        "a": "t_dirt",
        "b": "t_palisade_gate",
        "c": "t_concrete_wall",
        "d": "t_door_metal_locked",
        "e": "t_pavement",
        "r": "t_pavement_y",
        "t": "t_sidewalk",
        "y": "t_railing_v",
        "v": "t_utility_light",
        "f": "t_palisade",
        "i": "t_sidewalk",
        "g":"t_palisade_pulley"
      },
	  "place_npcs": [
        { "class": "WXKJ_JD_JJS", "x": 22, "y": 2 },
        { "class": "WXKJ_JD_JJS02", "x": 19, "y": 2 }
		],
      "furniture": { "h": "f_chair", "i": "f_sandbag_half", "j": "f_standing_tank" }
    }
  },
  {
        "type" : "overmap_terrain",
        "id" : "JD_JS",
        "name" : "跑道",
        "sym" : 66,
        "color" : "blue",
        "see_cost" : 5
    },
    
  {
    "type" : "start_location",
    "ident" : "JD_JS",  "//":"角色出生地点代码",
    "name" : "军事基地", 
    "target" : "JD_JS"
  }
    
    
    
]