[
  {
    "type": "mapgen",
    "method": "json",
    "om_terrain": [ "JD_JS_X31" ],
    "object": {
      "fill_ter": "t_grass",
      "rows": [
        "ccc_____________________",
        "ccc_____________________",
        "__c_____________________",
        "iic_____________________",
        "__c_____________________",
        "b_______________________",
        "________________________",
        "________________________",
        "________________________",
        "________________________",
        "________________________",
        "________________________",
        "________________________",
        "________________________",
        "________________________",
        "________________________",
        "________________________",
        "________________________",
        "b_______________________",
        "__c_____________________",
        "iic_____________________",
        "__c_____________________",
        "ccc_____________________",
        "ccc_____________________"
        
      ],
      "terrain": {
        "_": "t_grass",
        "b": "t_palisade_pulley",
        "c": "t_concrete_wall",
        "d": "t_floor",
        "e": "t_door_o",
        "f": "t_window",
        "g": "t_dirt",
        "h": "t_dirt",
        "i": "t_window_bars",
        "j": "t_dirt"
      },
	  "place_npcs": [
        { "class": "WXKJ_JD_guard", "x": 1, "y": 2 },
        { "class": "WXKJ_JD_guard02", "x": 1, "y": 22 }
		],
		   
      "furniture": { "g": "f_table", "h": "f_chair", "i": "f_sandbag_half", "j": "f_standing_tank" }
    }
  },
  {
        "type" : "overmap_terrain",
        "id" : "JD_JS_X31",
        "name" : "军事基地入口",
        "sym" : 66,
        "color" : "red",
        "see_cost" : 5
    },
    
  {
    "type" : "start_location",
    "ident" : "JD_JS_X31",  "//":"角色出生地点代码",
    "name" : "军事基地", 
    "target" : "JD_JS_X31"
  }
    
    
    
]