[
  {
    "type": "mapgen",
    "method": "json",
    "om_terrain": [ "JD_JS_22" ],
    "object": {
      "fill_ter": "t_grass",
      "rows": [
        "iiiiiiiiiiddiiiiiiiidiic",  
        "iaaaaaaaaattaaaaaaaaaaac",     
        "iaccoccaakttkaaaaaaaaaac",
        "iacpppcaakttkccccccccccc",
        "iaopppcaaattacpppppmmcac",
        "iaopspdtttttacppcmmpmcac",
        "daopppcaakttacppcmppmcac",
        "dacpppcaaattacppcmmpmcac",
        "iaccdccaaattacppcmppmcac",
        "iaacpcalllttaccdccmmmcac",
        "iaacpczzzlttkcpppcccccac",
        "iaacpczxzltttdpppcpppcac",
        "iaacpczxzltttdpppcpppcac",
        "iaacpczzzlttkcpppccdccac",
        "iaacpcalllttacpppppppcac",
        "iaccdccaaattacpppppppcac",
        "dacpppcaaattaccdcccdccac",
        "daopppcaakttacpppcpppcac",
        "iaopspdtttttacpvvcpvvcac",
        "iaopppcaaattacnvvcnvvcac",
        "iacpppcaakttkccccccccccc",
        "iaccoccaakttkaaaaaaaaaac",
        "iaaaaaaaaattaaaaaaaaaaac",
        "iiiiiiiiiiddiiiiiiiidiic" 
     
      ],
      "terrain": {
        "a": "t_dirt",
        "b": "t_palisade_gate",
        "c": "t_concrete_wall",
        "d": "t_door_metal_pickable",
        "e": "t_door_o",
        "i": "t_window_bars",
        "o": "t_window_bars_alarm",
        "p": "t_thconc_floor",
        "s": "t_utility_light",
        "t": "t_sidewalk",
        "k": "t_tree_young",
        "l": "t_tree",
        "z": "t_water_pool",
        "x": "t_marloss_tree",
        "v": "t_thconc_floor",
        "n": "t_thconc_floor",
        "m": "t_thconc_floor",
        "f": "t_palisade",
        "g":"t_palisade_pulley"
      },
	  "place_npcs": [
        { "class": "WXKJ_JD_guard", "x": 17, "y": 17 },    
        { "class": "WXKJ_JD_guard02", "x": 17, "y": 5 }
		],
		"place_monster": [
            {
                "monster": "JD_mg01_turret",
                "x": 22,
                "y": [ 10, 11 ]
            }
        ],
      "furniture": { "h": "f_chair", "i": "f_sandbag_half", "j": "f_standing_tank", "v":"f_bed","n":"f_locker","m": "f_crate_c"}
    }
  },
  {
        "type" : "overmap_terrain",
        "id" : "JD_JS_22",
        "name" : "警卫中心",
        "sym" : 66,
        "color" : "green",
        "see_cost" : 5
    },
    
  {
    "type" : "start_location",
    "ident" : "JD_JS_22",  "//":"角色出生地点代码",
    "name" : "军事基地", 
    "target" : "JD_JS_22"
  }
    
    
    
]