[
  {
    "id": "TALK_JD_guard_gate",
    "type": "talk_topic",
    "dynamic_line": {
      "u_is_wearing": "badge_marshal",
      "yes": "停下! 表明你的身份.",
      "no": "停下! 表明你的身份."},
    "responses": [
      {
        "text": "我只是路过的. 这是什么地方?",
        "topic": "TALK_JD_guard_gate_Exp"
      },{
        "text": "我需要你的帮助",
        "topic": "TALK_wxkj_1_help"
      }
	  ]
	},
	
	
  {
    "id": "TALK_JD_guard_gate_Exp",
    "type": "talk_topic",
    "dynamic_line": "幸存者? <greet>. 这里是一个基地也是贸易中心. 如果你想交换一些有用的东西, 那就进去看看. 另外,老实点!最好别犯事!",
    "responses": [
      {
        "text": "明白了. 谢谢.",
        "topic": "TALK_DONE"
      },{
        "text": "我会再来的.",
        "topic": "TALK_DONE"
      }
    ]
  },
  
  {
    "type": "talk_topic",
    "id": "TALK_wxkj_1_help",
    "dynamic_line": {
      "u_is_wearing": "WXKJ_JD_ZHG",
      "yes": "抱歉，长官，我正在站岗!",
      "no": "我没有时间。"
    },
    "responses": [
     {
        "text": "好吧。",
        "topic": "TALK_JD_end"
      }
      
    ]
    },
    {
    "id": "TALK_JD_end",
    "type": "talk_topic",
    "dynamic_line": "我正在站岗,保卫基地的安全。",
    "responses": [
      {
        "text": "再见。",
        "topic": "TALK_DONE"
      }
    ]
  }
    
]