   [
{
    "type" : "BOOK",
		"id" : "jzxcj_01",
		"name" : "《九转金身诀》(一转)",
		"description" : "里面记载着灵力第一转的修行法诀,能够提高一个人的修行天资。",
		"weight" : 500,
		"color" : "black",
		"intelligence" : 10,
		"symbol" : "?",
		"material" : ["paper"],
		"volume" : 5,
		"time" : 60,
		"required_level" : 0,
		"max_level" : 1,
		"skill" : "WX_SKILL-XXTF"
  },
 	{
    "type" : "BOOK",
		"id" : "jzxcj_02",
		"name" : "《九转金身诀》(二转)",
		"description" : "里面记载着灵力第二转的修行法诀,能够提高一个人的修行天资。",
		"weight" : 500,
		"color" : "black",
		"intelligence" : 10,
		"symbol" : "?",
		"material" : ["paper"],
		"volume" : 5,
		"time" : 60,
		"required_level" : 1,
		"max_level" : 2,
		"skill" : "WX_SKILL-XXTF"
  },
  	{
    "type" : "BOOK",
		"id" : "jzxcj_03",
		"name" : "《九转金身诀》(三转)",
		"description" : "里面记载着灵力第三转的修行法诀,能够提高一个人的修行天资。",
		"weight" : 500,
		"color" : "black",
		"intelligence" : 10,
		"symbol" : "?",
		"material" : ["paper"],
		"volume" : 5,
		"time" : 60,
		"required_level" : 2,
		"max_level" : 3,
		"skill" : "WX_SKILL-XXTF"
  },
  {
    "type" : "BOOK",
		"id" : "jzxcj_04",
		"name" : "《九转金身诀》(四转)",
		"description" : "里面记载着灵力第四转的修行法诀,能够提高一个人的修行天资。",
		"weight" : 500,
		"color" : "black",
		"intelligence" : 10,
		"symbol" : "?",
		"material" : ["paper"],
		"volume" : 5,
		"time" : 60,
		"required_level" : 3,
		"max_level" : 4,
		"skill" : "WX_SKILL-XXTF"
  },
 	{
    "type" : "BOOK",
		"id" : "jzxcj_05",
		"name" : "《九转金身诀》(五转)",
		"description" : "里面记载着灵力第五转的修行法诀,能够提高一个人的修行天资。",
		"weight" : 500,
		"color" : "black",
		"intelligence" : 10,
		"symbol" : "?",
		"material" : ["paper"],
		"volume" : 5,
		"time" : 60,
		"required_level" : 4,
		"max_level" : 5,
		"skill" : "WX_SKILL-XXTF"
  },
  	{
    "type" : "BOOK",
		"id" : "jzxcj_06",
		"name" : "《九转金身诀》(六转)",
		"description" : "里面记载着灵力第六转的修行法诀,能够提高一个人的修行天资。",
		"weight" : 500,
		"color" : "black",
		"intelligence" : 10,
		"symbol" : "?",
		"material" : ["paper"],
		"volume" : 5,
		"time" : 60,
		"required_level" : 5,
		"max_level" : 6,
		"skill" : "WX_SKILL-XXTF"
  },
    {
    "type" : "BOOK",
		"id" : "jzxcj_07",
		"name" : "《九转金身诀》(七转)",
		"description" : "里面记载着灵力第七转的修行法诀,能够提高一个人的修行天资。",
		"weight" : 500,
		"color" : "black",
		"intelligence" : 10,
		"symbol" : "?",
		"material" : ["paper"],
		"volume" : 5,
		"time" : 60,
		"required_level" : 6,
		"max_level" : 7,
		"skill" : "WX_SKILL-XXTF"
  },
 	{
    "type" : "BOOK",
		"id" : "jzxcj_08",
		"name" : "《九转金身诀》(八转)",
		"description" : "里面记载着灵力第八转的修行法诀,能够提高一个人的修行天资。",
		"weight" : 500,
		"color" : "black",
		"intelligence" : 10,
		"symbol" : "?",
		"material" : ["paper"],
		"volume" : 5,
		"time" : 60,
		"required_level" : 7,
		"max_level" : 8,
		"skill" : "WX_SKILL-XXTF"
  },
  	{
    "type" : "BOOK",
		"id" : "jzxcj_09",
		"name" : "《九转金身诀》(九转)",
		"description" : "里面记载着灵力第九转的修行法诀,能够提高一个人的修行天资。",
		"weight" : 500,
		"color" : "black",
		"intelligence" : 10,
		"symbol" : "?",
		"material" : ["paper"],
		"volume" : 5,
		"time" : 60,
		"required_level" : 8,
		"max_level" : 9,
		"skill" : "WX_SKILL-XXTF"
  }
]
