[
 
    {
    "id": "生物防护服",
    "type": "ARMOR",
    "name": "生物防护服",
    "description": "这是末日后科技结晶，选用了生物科技，制造出的一件生物防护服，因为防护性能极其优秀，所以一般供不应求。",
    "weight": 1,
    "volume": 1,
    "price": 1000000000,
    "to_hit": -1,
    "material": [ "flesh", "neoprene" ],
    "symbol": "[",
    "color": "light_red",
    "covers": [ "TORSO", "HEAD", "ARMS", "HANDS", "LEGS", "FEET" ],
    "coverage": 100,
    "encumbrance": 1,
    "environmental_protection":20,
    "warmth": 30,
    "storage": 10,
    "material_thickness": 20,
    "use_action": {
      "target": "生物防护服-0",
      "msg": "你启动了这件衣服。",
      "target_charges": 1,
      "active": true,
      "type": "transform"
    },
    "flags": [  "STURDY", "WATER_FRIENDLY","ELECTRIC_IMMUNE","SKINTIGHT" ]
  },
  {
    "id": "生物防护服-0",
    "type": "ARMOR",
    "name": "生物防护服",
    "description": "这是末日后科技结晶，选用了生物科技，制造出的一件生物防护服，因为防护性能极其优秀，所以一般供不应求，奇怪的是，购买者多为女性。",
    "weight": 1,
    "volume": 1,
    "price": 1000000000,
    "to_hit": -1,
    "material": [ "flesh", "neoprene" ],
    "symbol": "[",
    "color": "light_red",
    "covers": [ "TORSO", "HEAD", "ARMS", "HANDS", "LEGS", "FEET" ],
    "coverage": 100,
    "encumbrance": 1,
    "environmental_protection":20,
    "warmth": 30,
    "storage": 10,
    "material_thickness": 20,

    "flags": [  "STURDY", "WATER_FRIENDLY","ELECTRIC_IMMUNE","SKINTIGHT" ],
 		"use_action": {
			"type": "musical_instrument",
			"volume": 10,
			"fun": 1,
			"fun_bonus": 30,
			"description_frequency": 100,
			"descriptions": [
				"正在播放：『It's my life~It's now or never.』",
				"正在播放：『谁知道我们 该梦归何处』",
				"正在播放：『死了都要爱，不淋漓尽致不痛快~』",
				"正在播放：『眼前荒沙弥漫了等候、耳边传来孱弱的呼救，追赶要我爱的不保留』",	
				"正在播放：『修炼爱情的悲欢、我们这些努力不简单，快乐炼成泪水 是一种勇敢。』",			
				"正在播放：『我们插手已发生的过去、挥霍大好现在，却指望不一定的未来。』"
			]
		}
		
		
  } 
   ]
  
  
  
  
  
  