
  [
    {
        "type":"GENERIC",
        "id" : "Titanium_alloy_cj",
        "name" : "碳合金车架",
        "description" : "使用铁碳合金制作的底盘车架，其硬度比一般金属甚至钛合金都坚硬，使用更耐久.",
        "weight" : 3000,
        "color" : "light_gray",
        "symbol" : "]",
        "material" : ["steel"],
        "volume" : 8,
        "bashing" : 5,
        "category" : "veh_parts",
        "price" : 10000

    },
    {
    
    "abstract": "Titanium_alloy_cj",
    "id": "Titanium_alloy_cj01",
    "type": "vehicle_part",
    "name": "碳合金车架(可折叠)",
    "item": "Titanium_alloy_cj",
    "location": "structure",
    "symbol": "H",
    "difficulty": 6,
    "durability": 1000,
    "folded_volume": 8,
    "flags": [ "INITIAL_PART", "MOUNTABLE","FOLDABLE" ]
  },
  {
    "id": "Titanium_alloy01_+",
    "copy-from": "Titanium_alloy_cj",
    "type": "vehicle_part",
    "symbol": "+"
  },
   {
    "id": "Titanium_alloy01_|",
    "copy-from": "Titanium_alloy_cj",
    "type": "vehicle_part",
    "symbol": "|"
  },   
    {
    
    "abstract": "Titanium_alloy_cj",
    "id": "Titanium_alloy_cj02",
    "type": "vehicle_part",
    "name": "碳合金车架",
    "item": "Titanium_alloy_cj",
    "location": "structure",
    "symbol": "H",
    "difficulty": 5,
    "durability": 1500,
    "flags": [ "INITIAL_PART", "MOUNTABLE" ]
  },
  {
    "id": "Titanium_alloy02_+",
    "copy-from": "Titanium_alloy_cj",
    "type": "vehicle_part",
    "symbol": "+"
  },
   {
    "id": "Titanium_alloy02_|",
    "copy-from": "Titanium_alloy_cj",
    "type": "vehicle_part",
    "symbol": "|"
  }
 
      ]