[  
  {
    "type" : "npc",
    "id" : "WXKJ_JD_JJS",   "//":"npc出现的代码",
    "name_suffix" : "狙击手",
    "class" : "JD_SW_DLT",   "//":"npc装备代码",
    "attitude" : 0,    "//":"关系",
    "mission" : 7,    "//":"越低，npc的友好度越高，为追随状态。越高，npc为领导状态。",
    "chat" : "TALK_JD_JJS",
    "faction" : "WXKJ_JD"
    
  },
  {
    "type" : "npc",
    "id" : "WXKJ_JD_JJS02",
    "name_suffix" : "狙击手",
    "class" : "JD_SW02_DLT",
    "attitude" : 0,
    "mission" : 7,
    "chat" : "TALK_JD_JJS",
    "faction" : "WXKJ_JD"
  }
  
  ]