    [
    
    {
       "type":"TOOL_ARMOR",
        "id": "WXKJ_CS_长枪",   
	      	"category" : "wxkj_lq_lq",
        "symbol": "/",
        "color": "dark_gray",
      	"name": "火龙枪·御",
		"description": "火龙枪防御姿态，无法使用它进行攻击，穿戴它火龙枪将漂浮在持有者的身旁将会自主保护持有者。\n 主动技能：火龙，每回合(6秒)消耗3点灵力。在激活技能前最好不要穿戴在身上。",
		"material": ["steel","wood","wxkj_ts"],
        "volume" : 12,		
		      "weight": 540,
        "warmth" : 0,
        "covers": [ "TORSO", "HEAD", "ARMS", "HANDS", "LEGS" ],
        "coverage" : 95,		
        "encumbrance" : 0,
        "material_thickness" : 3,
       "techniques" : ["WBLOCK_3","WBLOCK_2","WBLOCK_1"  ],   
		"artifact_data" : {
			  "effects_worn": ["AEP_PSYSHIELD"]
			},		
		"ammo": "WXKJ_resoure_LQ_type",
		"max_charges": 1500,
		"use_action": {
			"type": "transform",
			"msg": "随着灵气的灌注火龙枪，枪尖冒出火焰逐渐向枪身蔓延,形成一条火龙!",
			"target": "WXKJ_CS_长枪_active",
			"active": true,
			"need_charges": 3,
			"need_charges_msg": "灵气不足以支撑火龙枪的消耗"
			},
		"flags" : ["UNBREAKABLE_MELEE","OUTER","STURDY","BLOCK_WHILE_WORN"  ]
	},
   {
       "type":"TOOL",
        "id": "WXKJ_CS_长枪_active",
        "category" : "wxkj_lq_lq",
        "symbol": "/",
        "color": "dark_gray",
       		"name": "火龙枪·灵",
		"description": "　火龙枪，故名思义，如火似龙。枪杆皆以百年红木打造，坚硬无比。又以熟油浸泡十五载，重逾五十四斤。枪身经匠师细心雕刻，历时一月零七日，始告功成。再看此枪时，一条巨龙蛇盘其上，龙口刻在枪尖处，似是吞云吐雾一般。枪尖更以寒铁打造，寻常铁块难挡其锋",
		"material": ["steel","wood","wxkj_ts"],
 	"to_hit": 5,
  "volume" : 12,		
		"weight": 5400,
  "bashing": 15,
  "pierce":35,
  "cutting":45,
  "techniques" : ["WBLOCK_2","HZN","tec_counter"],          
		"artifact_data" : {
			  "effects_worn": ["AEP_PSYSHIELD"],
			"charge_type": "ARTC_TIME"
			},		
		"ammo": "WXKJ_resoure_LQ_type",
		"max_charges": 1500,
		"charges_per_use": 3,
		"turns_per_charge": 1,
		"use_action": {
			"type": "transform",
			"msg": "火龙消失，枪身显现！",
			"target": "WXKJ_CS_长枪"
			},
		"revert_to": "WXKJ_CS_长枪",
		"revert_msg": "你的灵气不足以支撑火龙枪的消耗",	
		"flags" : ["SPEAR","STURDY","SUPER_FANCY" ,"UNBREAKABLE_MELEE " ,"REACH_ATTACK"]
	}
	
	]
   