 
   [
  {
        "type":"GENERIC",
        "id" : "wxyq_jx",
        "name" : "无限引擎 max",
        "description" : "最新型的无限引擎，使用其中内置的宇宙魔方作为动力，并且使宇宙魔方利用率达到了极高的状态!",
        "weight" : 50000,
        "color" : "light_cyan",
        "symbol" : ",",
        "material" : ["superalloy"],
        "volume" : 20,
        "bashing" : 4,
        "category" : "veh_parts",
        "price" : 6800000
  },
  
 {
    "id": "wxyq_part_jx",
    "copy-from": "engine_motor",
    "type": "vehicle_part",
    "name": "无限引擎 max",
    "item": "wxyq_jx",
    "difficulty": 5,
    "durability": 1000,
    "power": 100000,
    "epower": 500,
    "damage_modifier": 80,
    "folded_volume": 6


   }
  
  ]