[
  {
    "id": "wxyq_fdj",
    "copy-from": "vehicle_alternator",
    "type": "GENERIC",
    "name": "无限能源发生器",
    "description": "使用宇宙魔方中的能量转化为电能。",
    "weight": 5800,
    "volume": 12,
    "price": 12000
  },
  {
    "id": "wxyq_fdj",
    "copy-from": "vehicle_alternator",
    "type": "vehicle_part",
    "name": "无限能源发生器",
    "item": "wxyq_fdj",
    "difficulty": 2,
    "durability": 1000,
    "power": 0,
    "epower": 5000,
    "damage_modifier": 80,
   
    "extend": { "flags": [ "TOOL_WRENCH" ] }
  }
  
  ]