 
   [
  {
        "type":"GENERIC",
        "id" : "wxyq_02",
        "name" : "无限引擎 II",
        "description" : "第二代无限引擎，使用其中内置的宇宙魔方作为动力，使这个引擎比第一代具有更强的动力。",
        "weight" : 50000,
        "color" : "light_cyan",
        "symbol" : ",",
        "material" : ["superalloy"],
        "volume" : 20,
        "bashing" : 4,
        "category" : "veh_parts",
        "price" : 6800000
  },
  
 {
    "id": "wxyq_part_II",
    "copy-from": "engine_motor",
    "type": "vehicle_part",
    "name": "无限引擎 II",
    "item": "wxyq_02",
    "difficulty": 2,
    "durability": 1000,
    "power": 50000,
    "epower": 200,
    "damage_modifier": 80,
    "folded_volume": 6


   }
  
  ]