   [
   {
    "id": "wxyq_part_I",
    "copy-from": "engine_motor",
    "type": "vehicle_part",
    "name": "无限引擎 I",
    "item": "wxyq_01",
    "difficulty": 2,
    "durability": 500,
    "power": 20000,
    "epower": 100,
    "damage_modifier": 80,
    "folded_volume": 6


   },
    {
        "type":"GENERIC",
        "id" : "wxyq_01",
        "name" : "无限引擎 I",
        "description" : "使用其中内置的宇宙魔方作为动力，使这个引擎具有无限的动力。",
        "weight" : 50000,
        "color" : "light_cyan",
        "symbol" : ",",
        "material" : ["superalloy"],
        "volume" : 20,
        "bashing" : 4,
        "category" : "veh_parts",
        "price" : 680000
  }
   
   
   
   ]