[

  {
    "id": "cz_fdj_12kw",
    "copy-from": "vehicle_alternator",
    "type": "vehicle_part",
    "item": "cz_fdj_01",
    "fuel_type": "gasoline",
    "difficulty": 6,
    "durability": 600,
    "epower": 12000,
    "damage_modifier": 80,
    "breaks_into": [
      { "item": "steel_lump", "count": [ 30, 40 ] },
      { "item": "steel_chunk", "count": [ 30, 40 ] },
      { "item": "scrap", "count": [ 30, 40 ] }
    ]
  },
  {
    "id": "cz_fdj_01",
    "copy-from": "vehicle_alternator",
    "type":"ENGINE",
    "name": "12kw车载发电机",
    "description":"12kw车载发电机，使用汽油作为燃料，具有超强的发电力，但功耗也是个大问题",
    "weight": 300000,
    "volume": 32,
    "price": 36000,
    "displacement": 100
  }
]

