[
  {
		"type" : "recipe",
		"result" : "lj_01",
		"category" : "CC_无限商店",
		"subcategory": "CSC_无限商店_秘籍",
    "time": 100,
    "qualities": [ { "id": "INTERNET", "level": 1 } ],
    "flags": ["BLIND_EASY"],
    "reversible": false,
    "autolearn": true,
    "components":
     [
      [ [ "SKJB", 100 ] ] ,
      [ [ "paper", 1 ] ]
     ]
  },
  {
		"type" : "recipe",
		"result" : "lj_02",
		"category" : "CC_无限商店",
		"subcategory": "CSC_无限商店_秘籍",
    "time": 100,
    "qualities": [ { "id": "INTERNET", "level": 1 } ],
    "flags": ["BLIND_EASY"],
    "reversible": false,
    "autolearn": false,
    "book_learn" : [ ["lj_01",1] ],
    "components":
     [
      [ [ "SKJB", 500 ] ] ,
      [ [ "lj_01", 1 ] ]
     ]
  },
    {
		"type" : "recipe",
		"result" : "lj_03",
		"category" : "CC_无限商店",
		"subcategory": "CSC_无限商店_秘籍",
    "time": 100,
    "qualities": [ { "id": "INTERNET", "level": 1 } ],
    "flags": ["BLIND_EASY"],
    "reversible": false,
    "autolearn": false,
    "book_learn" : [ ["lj_02",1] ],
    "components":
     [
      [ [ "SKJB", 1000 ] ] ,
      [ [ "lj_02", 1 ] ]
     ]
  },
    {
		"type" : "recipe",
		"result" : "lj_04",
		"category" : "CC_无限商店",
		"subcategory": "CSC_无限商店_秘籍",
    "time": 100,
    "qualities": [ { "id": "INTERNET", "level": 2 } ],
    "flags": ["BLIND_EASY"],
    "reversible": false,
    "autolearn": false,
    "book_learn" : [ ["lj_03",1] ],
    "components":
     [
      [ [ "SKJB", 2000 ] ] ,
      [ [ "lj_03", 1 ] ]
     ]
  },
    {
		"type" : "recipe",
		"result" : "lj_05",
		"category" : "CC_无限商店",
		"subcategory": "CSC_无限商店_秘籍",
    "time": 100,
    "qualities": [ { "id": "INTERNET", "level": 2 } ],
    "flags": ["BLIND_EASY"],
    "reversible": false,
    "autolearn": false,
    "book_learn" : [ ["lj_04",1] ],
    "components":
     [
      [ [ "SKJB", 3000 ] ] ,
      [ [ "lj_04", 1 ] ]
     ]
  },
    {
		"type" : "recipe",
		"result" : "lj_06",
		"category" : "CC_无限商店",
		"subcategory": "CSC_无限商店_秘籍",
    "time": 100,
    "qualities": [ { "id": "INTERNET", "level": 2 } ],
    "flags": ["BLIND_EASY"],
    "reversible": false,
    "autolearn": false,
    "book_learn" : [ ["lj_05",1] ],
    "components":
     [
      [ [ "SKJB", 4000 ] ] ,
      [ [ "lj_05", 1 ] ]
     ]
  },
    {
		"type" : "recipe",
		"result" : "lj_07",
		"category" : "CC_无限商店",
		"subcategory": "CSC_无限商店_秘籍",
    "time": 100,
    "qualities": [ { "id": "INTERNET", "level": 3 } ],
    "flags": ["BLIND_EASY"],
    "reversible": false,
    "autolearn": false,
    "book_learn" : [ ["lj_06",1] ],
    "components":
     [
      [ [ "SKJB", 5000 ] ] ,
      [ [ "lj_06", 1 ] ]
     ]
  },
    {
		"type" : "recipe",
		"result" : "lj_08",
		"category" : "CC_无限商店",
		"subcategory": "CSC_无限商店_秘籍",
    "time": 100,
    "qualities": [ { "id": "INTERNET", "level": 3 } ],
    "flags": ["BLIND_EASY"],
    "reversible": false,
    "autolearn": false,
    "book_learn" : [ ["lj_07",1] ],
    "components":
     [
      [ [ "SKJB", 10000 ] ] ,
      [ [ "lj_07", 1 ] ]
     ]
  },
    {
		"type" : "recipe",
		"result" : "lj_09",
		"category" : "CC_无限商店",
		"subcategory": "CSC_无限商店_秘籍",
    "time": 100,
    "qualities": [ { "id": "INTERNET", "level": 3 } ],
    "flags": ["BLIND_EASY"],
    "reversible": false,
    "autolearn": false,
    "book_learn" : [ ["lj_08",1] ],
    "components":
     [
      [ [ "SKJB", 20000 ] ] ,
      [ [ "lj_08", 1 ] ]
     ]
  }
  ]