 [
 {
		"type" : "recipe",
		"result" : "wx_xx_1",
		"category" : "CC_无限商店",
		"subcategory": "CSC_无限商店_术法",
    "time": 60000,
    "reversible": true,
    "autolearn": false,
    "flags": ["BLIND_EASY"],
    "book_learn" : [ ["lj_01",1] ],
    "skill_used" : "WX_SKILL-XXTF",
    "difficulty": 1,
    "skills_required": [ "WX_SKILL-LQ", 1 ]
  },
  {
		"type" : "recipe",
		"result" : "wx_xx_2",
		"category" : "CC_无限商店",
		"subcategory": "CSC_无限商店_术法",
    "time": 60000,
    "reversible": true,
    "autolearn": false,
    "flags": ["BLIND_EASY"],
    "book_learn" : [ ["lj_02",1] ],
    "skill_used" : "WX_SKILL-XXTF",
    "difficulty": 1,
    "skills_required": [ "WX_SKILL-LQ", 2 ]
  },
    {
		"type" : "recipe",
		"result" : "wx_xx_3",
		"category" : "CC_无限商店",
		"subcategory": "CSC_无限商店_术法",
    "time": 60000,
    "reversible": true,
    "autolearn": false,
    "flags": ["BLIND_EASY"],
    "book_learn" : [ ["lj_03",1] ],
    "skill_used" : "WX_SKILL-XXTF",
    "difficulty": 1,
    "skills_required": [ "WX_SKILL-LQ", 3 ]
  },
   {
		"type" : "recipe",
		"result" : "wx_xx_4",
		"category" : "CC_无限商店",
		"subcategory": "CSC_无限商店_术法",
    "time": 60000,
    "reversible": true,
    "autolearn": false,
    "flags": ["BLIND_EASY"],
    "book_learn" : [ ["lj_04",1] ],
    "skill_used" : "WX_SKILL-XXTF",
    "difficulty": 2,
    "skills_required": [ "WX_SKILL-LQ", 4 ]
  },
  {
		"type" : "recipe",
		"result" : "wx_xx_5",
		"category" : "CC_无限商店",
		"subcategory": "CSC_无限商店_术法",
    "time": 60000,
    "reversible": true,
    "autolearn": false,
    "flags": ["BLIND_EASY"],
    "book_learn" : [ ["lj_05",1] ],
    "skill_used" : "WX_SKILL-XXTF",
    "difficulty": 2,
    "skills_required": [ "WX_SKILL-LQ", 5 ]
  },
    {
		"type" : "recipe",
		"result" : "wx_xx_6",
		"category" : "CC_无限商店",
		"subcategory": "CSC_无限商店_术法",
    "time": 60000,
    "reversible": true,
    "autolearn": false,
    "flags": ["BLIND_EASY"],
    "book_learn" : [ ["lj_06",1] ],
    "skill_used" : "WX_SKILL-XXTF",
    "difficulty": 2,
    "skills_required": [ "WX_SKILL-LQ", 6 ]
  },
   {
		"type" : "recipe",
		"result" : "wx_xx_7",
		"category" : "CC_无限商店",
		"subcategory": "CSC_无限商店_术法",
    "time": 60000,
    "reversible": true,
    "autolearn": false,
    "flags": ["BLIND_EASY"],
    "book_learn" : [ ["lj_07",1] ],
    "skill_used" : "WX_SKILL-XXTF",
    "difficulty": 3,
    "skills_required": [ "WX_SKILL-LQ", 7 ]
  },
  {
		"type" : "recipe",
		"result" : "wx_xx_8",
		"category" : "CC_无限商店",
		"subcategory": "CSC_无限商店_术法",
    "time": 60000,
    "reversible": true,
    "autolearn": false,
    "flags": ["BLIND_EASY"],
    "book_learn" : [ ["lj_08",1] ],
    "skill_used" : "WX_SKILL-XXTF",
    "difficulty": 3,
    "skills_required": [ "WX_SKILL-LQ", 8 ]
  },
  {
		"type" : "recipe",
		"result" : "wx_xx_9",
		"category" : "CC_无限商店",
		"subcategory": "CSC_无限商店_术法",
    "time": 60000,
    "reversible": true,
    "autolearn": false,
    "flags": ["BLIND_EASY"],
    "book_learn" : [ ["lj_09",1] ],
    "skill_used" : "WX_SKILL-XXTF",
    "difficulty": 3,
    "skills_required": [ "WX_SKILL-LQ", 9 ]
  }
]

  



