[	{
		"id": "wxkj_jbcd1",
		"type": "TOOL",
		"symbol": "R",
		"color": "light_green",
		"name": "晶币彩蛋",
		"name_plural": "晶币彩蛋",
		"description": "晶币彩蛋一秒天堂地狱!最高可获得1111晶币.",
		"price": 100,
		"material": ["wxkj_ts"],
		"weight": 30,
		"volume": 10,
		"use_action": {
			"type": "place_monster",
			"monster_id": "SKJBCD1",
			"difficulty": 100,
			"skill1": "electronics",
			"skill2": "computer",
			"skill3": "WX_SKILL-LQ",
			"hostile_msg": "铛！你的附近出现一个彩蛋，快砸了它吧!",
			"friendly_msg": "出现了一个什么鬼东西.",
			"place_randomly": true,
			"moves": 0 }
		},
  {
    "id": "SKJBCD1",
    "type": "MONSTER",
    "name": "晶币彩蛋",
    "description": "晶币彩蛋.",
    "default_faction": "military",
   "species": [ "MAMMAL" ],
    "diff": 14,
    "size": "SMALL",
    "harvest": "human",
    "hp": 1,
    "speed": 0,
    "material": [ "steel" ],
    "symbol": "X",
    "color": "white",
    "aggression": 100,  
    "morale": 100,    
    "armor_bash": 0,    
    "armor_cut": 0,  
    "luminance": 0,   
    "rarity":1,    
    "melee_skill": 1,   
    "melee_dice": 1,
    "melee_dice_sides": 1,
    "melee_cut": 0,     
    "death_function": [ "MELT" ]
  },
 {
		"type" : "recipe",
		"result" : "wxkj_jbcd1",
		"category" : "CC_无限商店",
		"subcategory": "CSC_无限商店_出售",
    "time": 100,
    "qualities": [ { "id": "INTERNET", "level": 1 } ],
    "flags": ["BLIND_EASY"],
    "reversible": false,
    "autolearn": true,
    "components":
     [
      [ [ "SKJB", 100 ] ]    
     ]
  }
]


  
  
		
		