[
{
		"type" : "item_group",
		"subtype": "collection",
		"comment": "晶币彩蛋掉落",	
		"id": "mon_drop_JBCD1",
		"entries":
			[
				{ "item": "SKJB", "count": [1,1000],"prob": 1 },
				{ "item": "SKJB", "count": [1,56],"prob": 5 },
				{ "item": "SKJB", "count": [1,10],"prob": 10 },
				{ "item": "SKJB", "count": [1,9],"prob": 20 },
				{ "item": "SKJB", "count": [1,8],"prob": 30 },
				{ "item": "SKJB", "count": [1,7],"prob": 40 },
				{ "item": "SKJB", "count": [1,6],"prob": 50 },
				{ "item": "SKJB", "count": [1,5],"prob": 60 },
				{ "item": "SKJB", "count": [1,4],"prob": 70 },
				{ "item": "SKJB", "count": [1,3],"prob": 80 },
				{ "item": "SKJB", "count": [1,2],"prob": 90 },
				{ "item": "SKJB", "count": [1,1],"prob": 100 }
			]
	},	
	{
		"type" : "MONSTER",
		"id" : "SKJBCD1",
		"copy-from" : "SKJBCD1",
		"death_drops": 
		{
			"subtype": "collection",
			"groups": 
			[
				[ "mon_drop_JBCD1", 100 ]
			]
		}
	}
	
	]
	