[
  {
    "id": "wxkj_SKJB_card1",
    "type": "TOOL",
    "symbol": "c",
    "color": "blue",
    "name": "青铜晶币卡",
    "name_plural": "青铜晶币卡",
    "description": "青铜级别的用户用来储存时空晶币的蓝色卡片,可以储存1000晶币.",
    "price": 1000,
    "material": "wxkj_ts",
    "weight": 6,
    "volume": 0,
    "to_hit": -3,
    "max_charges": 1000,
    "rand_charges": [
      0,
      1,
      2,
      3,
      4,
      5,
      6,
      7,
      8,
      9,
      10,
      50,
      100,
      200,
      300,
      500
    ],
    "ammo": "SKJB_type"
  },
    {
    "id": "wxkj_SKJB_card2",
    "type": "TOOL",
    "symbol": "c",
    "color": "blue",
    "name": "黄金晶币卡",
    "name_plural": "青铜晶币卡",
    "description": "青铜黄金的用户用来储存时空晶币的蓝色卡片,可以储存10000晶币.",
    "price": 1000,
    "material": "wxkj_ts",
    "weight": 6,
    "volume": 0,
    "to_hit": -3,
    "max_charges": 10000,
    "rand_charges": [
      0,
      1,
      2,
      3,
      4,
      5,
      6,
      7,
      8,
      9,
      10,
      50,
      100,
      200,
      300,
      500,
      1000,
      2000,
      3000
    ],
    "ammo": "SKJB_type"
  },
    {
    "id": "wxkj_SKJB_card3",
    "type": "TOOL",
    "symbol": "c",
    "color": "blue",
    "name": "钻石晶币卡",
    "name_plural": "钻石晶币卡",
    "description": "钻石级别的用户用来储存时空晶币的蓝色卡片,可以储存100000晶币.",
    "price": 1000,
    "material": "wxkj_ts",
    "weight": 6,
    "volume": 0,
    "to_hit": -3,
    "max_charges": 100000,
    "rand_charges": [
      0,
      1,
      2,
      3,
      4,
      5,
      6,
      7,
      8,
      9,
      10,
      50,
      100,
      200,
      300,
      500,
      1000,
      1500,
      2000,
      3000,
      5000
    ],
    "ammo": "SKJB_type"
  },
   {
    "id": "wxkj_SKJB_card4",
    "type": "TOOL",
    "symbol": "c",
    "color": "blue",
    "name": "紫金晶币卡",
    "name_plural": "紫金晶币卡",
    "description": "紫金级别的用户用来储存时空晶币的蓝色卡片,可以储存1000000晶币.",
    "price": 1000,
    "material": "wxkj_ts",
    "weight": 6,
    "volume": 0,
    "to_hit": -3,
    "max_charges": 1000000,
    "rand_charges": [
      10,
      50,
      100,
      200,
      300,
      500,
      1000,
      1500,
      2000,
      3000,
      5000,
      10000
    ],
   "artifact_data" : {
			"charge_type": "ARTC_TIME"
		},
		"use_action": "ARTIFACT",
    "ammo": "SKJB_type"
  }
  ]