[
  {
    "type": "mapgen",
    "method": "json",
    "om_terrain": [ "JD_JS02" ],
    "object": {
      "fill_ter": "t_grass",
      "rows": [
        "cccccccccccccccccccccccc",   
        "cccccccccccccccccccccccc",     
        "caaaaaaaaaaaaaaaaaaaaaaa",
        "caaaaaaaaaaaaaaaaaaaaaaa",
        "caaaaaaaaaaaaaaaaaaaaaaa",
        "caaaaaeeeeeeeeeeeeeeeeee",
        "caaaaaeeeeeeeeeeeeeeeeee",
        "caaaaaeaaaaaaaaaaaaeeeee",
        "caaaaaeeeeeeeeeeeeaeeeee",
        "caaaaaeeeeeeeeeeeeaeeeee",
        "caaaaaeerrrrrrrreeaeeeee",
        "caaaaaeeeeerreeeeeaeeeee",
        "caaaaaeeeeerreeeeeaeeeee",
        "caaaaaeerrrrrrrreeaeeeee",
        "caaaaaeeeeeeeeeeeeaeeeee",
        "caaaaaeeeeeeeeeeeeaeeeee",
        "caaaaaeaaaaaaaaaaaaeeeee",
        "caaaaaeeeeeeeeeeeeeeeeee",   
        "caaaaaeeeeeeeeeeeeeeeeee",
        "caaaaaaaaaaaaaaaaaaaaaaa",
        "caaaaaaaaaaaaaaaaaaaaaaa",
        "caaaaaaaaaaaaaaaaaaaaaaa",
        "caaaaaaaaaaaaaaaaaaaaaaa",  
        "caaaaaaaaaaaaaaaaaaaaaaa" 
     
      ],
      "terrain": {
        "a": "t_dirt",
        "b": "t_palisade",
        "c": "t_concrete_wall",
        "d": "t_door_metal_locked",
        "e": "t_pavement",
        "r": "t_pavement_y",
        "f": "t_window"
      },
	  "place_npcs": [
        { "class": "merchant_Med", "x": 17, "y": 17 },    
        { "class": "merchant_Smith", "x": 9, "y": 20 }
		],
      "furniture": { "g": "f_table", "h": "f_chair", "i": "f_sandbag_half", "j": "f_standing_tank" }
    }
  },
  {
        "type" : "overmap_terrain",
        "id" : "JD_JS02",
        "name" : "停机坪",
        "sym" : 66,
        "color" : "blue",
        "see_cost" : 5
    },
    
  {
    "type" : "start_location",
    "ident" : "JD_JS02",  "//":"角色出生地点代码",
    "name" : "军事基地", 
    "target" : "JD_JS02"
  }
    
    
    
]