[
  {
    "type": "mapgen",
    "method": "json",
    "om_terrain": [ "JD_JS_33" ],
    "object": {
      "fill_ter": "t_grass",
      "rows": [
        "caaaaaaaaaaaaaaaaaaaaaaa",   
        "caaaaaaaaaaaaaaaaaaaaaaa",     
        "caaaaaaaaaaaaaaaaaaaaaaa",
        "caaaaaaaaaaaaaaaaaaaaaaa",
        "caaaaaaaaaaaaaaaaaaaaaaa",
        "caaaaaaaaaaaaaaaaaaaaaaa",
        "caaaaaaaaaaaaaaaaaaaaaaa",
        "caaaaaaaaaaaaaaaaaaaaaaa",
        "caaaaaaaaaaaaaaaaaaaaaaa",
        "caaaaaaaaaaaaaaaaaaaaaaa",
        "caaaaaaaaaaaaaaaaaaaaaaa",
        "caaaaaaaaaaaaaaaaaaaaaaa",
        "caaaaaaaaaaaaaaaaaaaaaaa",
        "caaaaaaaaaaaaaaaaaaaaaaa",
        "caaaaaaaaaaaaaaaaaaaaaaa",
        "caaaaaaaaaaaaaaaaaaaaaaa",
        "caaaaaaaaaaaaaaaaaaaaaaa",
        "caaaaaaaaaaaaaaaaaaaaaaa",
        "caaaaaaaaaaaaaaaaaaaaaaa",
        "caaaaaaaaaaaaaaaaaaaaaaa",
        "caaaaaaaaaaaaaaaaaaaaaaa",
        "caaaaaaaaaaaaaaaaaaaaaaa",
        "cccccccccccccccccccccccc",  
        "cccccccccccccccccccccccc" 
     
      ],
      "terrain": {
        "a": "t_dirt",
        "b": "t_palisade",
        "c": "t_concrete_wall",
        "d": "t_door_metal_o",
        "e": "t_door_o",
        "f": "t_window"
      },
	  "place_npcs": [
        { "class": "merchant_Med", "x": 17, "y": 17 },    
        { "class": "merchant_Smith", "x": 9, "y": 20 }
		],
      "furniture": { "g": "f_table", "h": "f_chair", "i": "f_sandbag_half", "j": "f_standing_tank" }
    }
  },
  {
        "type" : "overmap_terrain",
        "id" : "JD_JS_33",
        "name" : "军营",
        "sym" : 66,
        "color" : "green",
        "see_cost" : 5
    },
    
  {
    "type" : "start_location",
    "ident" : "JD_JS_33",  "//":"角色出生地点代码",
    "name" : "军事基地", 
    "target" : "JD_JS_33"
  }
    
    
    
]