   [
	{
    "type" : "BOOK",
		"id" : "slydfj_01",
		"name" : "《水灵气引导法诀》(入门)",
		"description" : "书中详细的叙述了水灵之力的介绍!",
		"weight" : 500,
		"color" : "black",
		"intelligence" : 12,
		"symbol" : "B",
		"material" : ["paper"],
		"volume" : 5,
		"time" : 10,
		"required_level" : 1,
		"max_level" : 2,
		"skill" : "WX_SKILL-LQ"
  },
  	{
    "type" : "BOOK",
		"id" : "slydfj_02",
		"name" : "《水灵气引导法诀》(基础)",
		"description" : "书中详细的叙述了水灵之力的基本运用!",
		"weight" : 500,
		"color" : "black",
		"intelligence" : 12,
		"symbol" : "B",
		"material" : ["paper"],
		"volume" : 5,
		"time" : 10,
		"required_level" : 3,
		"max_level" : 4,
		"skill" : "WX_SKILL-LQ"
  },
  	{
    "type" : "BOOK",
		"id" : "slydfj_03",
		"name" : "《水灵气引导法诀》(初级)",
		"description" : "书中详细的叙述了水灵之力的初级运用!",
		"weight" : 500,
		"color" : "black",
		"intelligence" : 12,
		"symbol" : "B",
		"material" : ["paper"],
		"volume" : 5,
		"time" : 10,
		"required_level" : 6,
		"max_level" : 7,
		"skill" : "WX_SKILL-LQ"
  },
  	{
    "type" : "BOOK",
		"id" : "slydfj_04",
		"name" : "《水灵气引导法诀》(高级)",
		"description" : "书中详细的叙述了水灵之力的高级运用!",
		"weight" : 500,
		"color" : "black",
		"intelligence" : 12,
		"symbol" : "B",
		"material" : ["paper"],
		"volume" : 5,
		"time" : 10,
		"required_level" : 8,
		"max_level" : 9,
		"skill" : "WX_SKILL-LQ"
  }
]
