[
{
        "type":"TOOL",
        "id": "wxkj_FL4_zrby1",
      		"category" : "wxkj_fz",
        "name": "禁咒:自然庇佑",
        "name_plural": "禁咒:自然庇佑",
        "description": "禁忌咒纹,符篆:久旱甘霖的进阶符篆,上面刻画着常人晦涩难懂的符文,其治愈效果相比与治愈之光好多了...",
        "symbol": "@",
        "color": "red",
        "volume" : 1,		
		      "weight": 1,
        "material": ["wxkj_ts"],
		"max_charges": 1000,
		"initial_charges":0,
		"ammo": "WXKJ_resoure_LQ_type",
			"use_action": {
			"type": "transform",
			"msg": "随着灵气的流转,符篆被激发了!\n你感觉世界是如此的美好!",
			"target": "wxkj_FL4_zrby2",
			"active": true,
			"need_charges": 1000,
			"need_charges_msg": "灵气不足以支撑符篆的激发"
			}
   	},
   	{
        "type":"TOOL",
        "id": "wxkj_FL4_zrby2",
      		"category" : "wxkj_fz",
        "name": "禁咒:自然庇佑",
        "name_plural": "禁咒:自然庇佑",
        "description":"禁忌咒纹,符篆:久旱甘霖的进阶符篆,上面刻画着常人晦涩难懂的符文,使用后将治愈自身...",
        "symbol": "@",
        "color": "red",
        "volume" : 1,		
		      "weight": 1,
        "material": ["wxkj_ts"],
      		"artifact_data" : 
		{
					"effects_activated":
					[
					"AEA_HEAL","AEA_HEAL",					
					"AEA_HEAL","AEA_HEAL",
					"AEA_HEAL","AEA_HEAL",					
					"AEA_HEAL","AEA_HEAL",										
					"AEA_HEAL","AEA_HEAL"		
					],
					"charge_type": "ARTC_NULL"
		},
		"max_charges": 1000,
		"initial_charges":0,
		"charges_per_use": 100,
		"turns_per_charge": 5,
		"ammo": "WXKJ_resoure_LQ_type",		
		"revert_to": "WXKJ_resoure_LQ",
		"revert_msg":"符篆耗尽灵气化作光点缓缓消逝.",
		"use_action": "ARTIFACT"
	}
	]