[
{
        "type":"TOOL",
        "id": "wxkj_FL3_kjbh1",
      		"category" : "wxkj_fz",
        "name": "符篆:空间崩毁",
        "name_plural": "符篆:空间崩毁",
        "description": "高级符篆,初级符篆:空间震荡的进阶符篆,上面刻画着常人晦涩难懂的符文,使用后将使周围的空间发生震荡...",
        "symbol": "@",
        "color": "red",
        "volume" : 1,		
		      "weight": 1,
        "material": ["wxkj_ts"],
		"max_charges": 1000,
		"initial_charges":0,
		"ammo": "WXKJ_resoure_LQ_type",
			"use_action": {
			"type": "transform",
			"msg": "随着灵气的流转,符篆被激发了!",
			"target": "wxkj_FL3_kjbh2",
			"active": true,
			"need_charges": 50,
			"need_charges_msg": "灵气不足以支撑符篆的激发"
			}
   	},
   	{
        "type":"TOOL",
        "id": "wxkj_FL3_kjbh2",
      		"category" : "wxkj_fz",
        "name": "符篆:空间崩毁",
        "name_plural": "符篆:空间崩毁",
        "description": "高级符篆,初级符篆:空间震荡的进阶符篆,上面刻画着常人晦涩难懂的符文,使用后将使周围的空间发生震荡...",
        "symbol": "@",
        "color": "red",
        "volume" : 1,		
		      "weight": 1,
        "material": ["wxkj_ts"],
      		"artifact_data" : 
		{
					"effects_activated":["AEA_FATIGUE"],
					"charge_type": "ARTC_NULL"
		},
		"max_charges": 1000,
		"initial_charges":0,
		"charges_per_use": 50,
		"turns_per_charge": 1,
		"ammo": "WXKJ_resoure_LQ_type",		
		"revert_to": "WXKJ_resoure_LQ",
		"revert_msg":"符篆耗尽灵气化作光点缓缓消逝.",
		"use_action": "ARTIFACT"
	}
	]