[
{
        "type":"TOOL",
        "id": "wxkj_FL2_kbzx1",
      		"category" : "wxkj_fz",
        "name": "符篆:狂暴术",
        "name_plural": "符篆:狂暴术",
        "description": "初级符篆,上面刻画着常人晦涩难懂的符文,使用后使用者将短暂的进入狂暴状态，大幅度提升力量属性...",
        "symbol": "@",
        "color": "red",
        "volume" : 1,		
		      "weight": 1,
        "material": ["wxkj_ts"],
		"max_charges": 24,
		"initial_charges":0,
		"ammo": "WXKJ_resoure_LQ_type",
			"use_action": {
			"type": "transform",
			"msg": "随着灵气的流转,符篆被激发了!",
			"target": "wxkj_FL2_kbzx2",
			"active": true,
			"need_charges": 24,
			"need_charges_msg": "灵气不足以支撑符篆的激发"
			}
   	},
   	{
        "type":"TOOL",
        "id": "wxkj_FL2_kbzx2",
      		"category" : "wxkj_fz",
        "name": "符篆:狂暴术",
        "name_plural": "符篆:狂暴术",
        "description": "初级符篆,上面刻画着常人晦涩难懂的符文,使用后使用者将进入短暂的狂暴状态，大幅度提升力量属性...",
        "symbol": "@",
        "color": "red",
        "volume" : 1,		
		      "weight": 1,
        "material": ["wxkj_ts"],
      		"artifact_data" : 
		{
				 "effects_carried": 
[
"AEP_STR_UP",
"AEP_STR_UP",
"AEP_PER_DOWN",		
"AEP_INT_DOWN"
],
					"charge_type": "ARTC_NULL"
		},
		"max_charges": 24,
		"initial_charges":0,
		"charges_per_use": 1,
		"turns_per_charge": 1,
		"ammo": "WXKJ_resoure_LQ_type",		
		"revert_to": "WXKJ_resoure_LQ",
		"revert_msg":"符篆耗尽灵气化作光点缓缓消逝.",
		"use_action": "ARTIFACT"
	}
	]