[
{
        "type":"TOOL",
        "id": "wxkj_FL4_tmmf1",
      		"category" : "wxkj_fz",
        "name": "符篆:天魔秘法",
        "name_plural": "符篆:天魔秘法",
        "description": "禁忌符篆,上面刻画着常人晦涩难懂的符文,使用后使用者将进入解体状态，大幅度提升自身战力...",
        "symbol": "@",
        "color": "red",
        "volume" : 1,		
		      "weight": 1,
        "material": ["wxkj_ts"],
		"max_charges": 144,
		"initial_charges":0,
		"ammo": "WXKJ_resoure_LQ_type",
			"use_action": {
			"type": "transform",
			"msg": "随着灵气的流转,符篆被激发了!",
			"target": "wxkj_FL4_tmmf2",
			"active": true,
			"need_charges": 144,
			"need_charges_msg": "灵气不足以支撑符篆的激发"
			}
   	},
   	{
        "type":"TOOL",
        "id": "wxkj_FL4_tmmf2",
      		"category" : "wxkj_fz",
        "name": "符篆:天魔秘法",
        "name_plural": "符篆:天魔秘法",
        "description": "禁忌符篆,上面刻画着常人晦涩难懂的符文,使用后使用者将进入解体状态，大幅度提升自身战力...",
        "symbol": "@",
        "color": "red",
        "volume" : 1,		
		      "weight": 1,
        "material": ["wxkj_ts"],
      		"artifact_data" : 
		{
				 "effects_activated":[  
				 "AEA_CONFUSED",
				 "AEA_PAIN"
				 ],
				 "effects_carried": 
[
"AEP_STR_UP",
"AEP_STR_UP",
"AEP_STR_UP",
"AEP_STR_UP",
"AEP_STR_UP",
"AEP_ALL_UP", 
"AEP_ALL_UP", 
"AEP_MUTAGENIC", 
"AEP_EVIL", 
"AEP_EVIL", 
"AEP_HUNGER",
"AEP_HUNGER",
"AEP_HUNGER",
"AEP_THIRST",
"AEP_THIRST",
"AEP_THIRST"
],
					"charge_type": "ARTC_HP"
		},
		"max_charges": 144,
		"initial_charges":0,
		"charges_per_use": 2,
		"turns_per_charge": 2,
		"ammo": "WXKJ_resoure_LQ_type",		
		"revert_to": "WXKJ_resoure_LQ",
		"revert_msg":"符篆耗尽灵气化作光点缓缓消逝.",
		"use_action": "ARTIFACT"
	}
	
	]