[
  {
    "id": "Spell_gather_lq",
    "type": "TOOL",
     "category" : "wxkj_fz",
    "name": "符篆:聚灵之符",
    "name_plural": "符篆:聚灵之符",
    "description": "初级符篆,上面刻画着玄妙的符文,正在缓缓凝聚着周围的灵气.",
    "material": "wxkj_ts",
    "symbol": "H",
    "color": "light_gray",
    "weight": 0,
    "volume": 0,
    "price": 0,
    "bashing": 0,
    "to_hit": 0,
  	"flags": ["NO_SALVAGE"]
   },
 {
		"type" : "recipe",
		"result" : "Spell_gather_lq",
		"category" : "CC_无限商店",
		"subcategory": "CSC_无限商店_符篆",
    "time": 10000,
    "reversible": false,
    "autolearn": true,
    "book_learn" : [ ["Spell_01",1] ],
    "flags": ["BLIND_HARD"],
    "skill_used" : "WX_SKILL-LQ",
    "difficulty": 1,
    "skills_required": [ "WX_SKILL-FZJT", 1 ],
     "components": [
      [ [ "WXKJ_resoure_LQ", 10 ] ],
      [ [ "wxkj_jade_small", 1 ] ]     
    ]
  }


 

]
