[
 {
		"type" : "recipe",
		"result" : "wxkj_FL2_cfzz1",
		"category" : "CC_无限商店",
		"subcategory": "CSC_无限商店_符篆",
    "time": 10000,
    "flags": ["BLIND_EASY"],
    "skills_required" : [ "WX_SKILL-LQ", 2 ],
    "skill_used": "WX_SKILL-FZJT",
    "difficulty": 3,
    "book_learn" : [ ["Spell_02",1] ],
    "reversible": false,
    "autolearn": true,
    "qualities": [ { "id": "WXKJ_ZF_01", "level": 2 } ],
    "components":
     [
      [ 
      [ "WXKJ_ll_water", 32 ], 
      [ "WXKJ_ll_tree", 32 ],
      [ "WXKJ_ll_earth", 24 ],
      [ "WXKJ_ll_wind", 12 ],
      [ "WXKJ_ll_ice", 48 ],
      [ "WXKJ_ll_thunder", 24 ],
      [ "WXKJ_ll_fire", 24 ]       
      ],
      [ [ "FZ_paper", 1 ] ]
     ]
  },
{
        "type":"TOOL",
        "id": "wxkj_FL2_cfzz1",
      		"category" : "wxkj_fz",
        "name": "符篆:冲锋陷阵",
        "name_plural": "符篆:冲锋陷阵",
        "description": "初级符篆,高级符篆陷阵之志的简化版，相比完全体更容易绘制，上面刻画着常人晦涩难懂的符文,使用后将拥有冲锋陷阵之志.",
        "symbol": "@",
        "color": "red",
        "volume" : 1,		
		      "weight": 1,
        "material": ["wxkj_ts"],
		"max_charges": 24,
		"initial_charges":0,
		"ammo": "WXKJ_resoure_LQ_type",
			"use_action": {
			"type": "transform",
			"msg": "随着灵气的流转,符篆被激发了!",
			"target": "wxkj_FL2_cfzz2",
			"active": true,
			"need_charges": 24,
			"need_charges_msg": "灵气不足以支撑符篆的激发"
			}
   	},
   	{
        "type":"TOOL",
        "id": "wxkj_FL2_cfzz2",
      		"category" : "wxkj_fz",
        "name": "符篆:冲锋陷阵",
        "name_plural": "符篆:冲锋陷阵",
        "description": "初级符篆,上面刻画着常人晦涩难懂的符文.",
        "symbol": "@",
        "color": "red",
        "volume" : 1,		
		      "weight": 1,
        "material": ["wxkj_ts"],
		"max_charges": 24,
		"initial_charges":0,
		"charges_per_use": 24,
		"turns_per_charge": 1,
		"ammo": "WXKJ_resoure_LQ_type",		
		"revert_to": "WXKJ_resoure_LQ",
		"revert_msg":"符篆耗尽灵气化作光点缓缓消逝.",
		  	"use_action":
		  [
			{
			"type" : "consume_drug",
			"activation_message" : "冲锋陷阵，有我无敌!触发技能:陷阵，持续时间1分钟。",
			"effects" : [ { "id" : "wx_effext_XZ", "duration" : 10 } ]
   }
   ]
	}
	]