[
   {
		"type" : "recipe",
		"result" : "wxkj_FL3_sls1",
		"category" : "CC_无限商店",
		"subcategory": "CSC_无限商店_符篆",
    "time": 100000,
    "flags": ["BLIND_EASY"],
    "skills_required" : [ "WX_SKILL-LQ", 3 ],
    "skill_used": "WX_SKILL-FZJT",
    "difficulty": 4,
    "book_learn" : [ ["Spell_03",1] ],
    "reversible": false,
    "autolearn": true,
    "qualities": [ { "id": "WXKJ_ZF_01", "level": 3 } ],
    "components":
     [
      [ 
      [ "WXKJ_ll_water", 24 ], 
      [ "WXKJ_ll_tree", 24 ],
      [ "WXKJ_ll_earth", 32 ],
      [ "WXKJ_ll_wind", 48 ],
      [ "WXKJ_ll_ice", 56 ],
      [ "WXKJ_ll_thunder", 72 ],
      [ "WXKJ_ll_fire", 72 ]       
      ],
      [ [ "wxkj_jade_small", 1 ] ]
     ]
  },
{
        "type":"TOOL",
        "id": "wxkj_FL3_sls1",
      		"category" : "wxkj_fz",
        "name": "符篆:圣疗术",
        "name_plural": "符篆:圣疗术",
        "description": "高级符篆,符篆:治愈之光的进阶符篆,上面刻画着常人晦涩难懂的符文,其治愈效果相比与治愈之光好多了...",
        "symbol": "@",
        "color": "red",
        "volume" : 1,		
		      "weight": 1,
        "material": ["wxkj_ts"],
		"max_charges": 66,
		"initial_charges":0,
		"ammo": "WXKJ_resoure_LQ_type",
			"use_action": {
			"type": "transform",
			"msg": "随着灵气的流转,符篆被激发了!",
			"target": "wxkj_FL3_sls2",
			"active": true,
			"need_charges": 6,
			"need_charges_msg": "灵气不足以支撑符篆的激发"
			}
   	},
   	{
        "type":"TOOL",
        "id": "wxkj_FL3_sls2",
      		"category" : "wxkj_fz",
        "name": "符篆:圣疗术",
        "name_plural": "符篆:圣疗术",
        "description":"符篆:治愈之手的进阶符篆,上面刻画着常人晦涩难懂的符文,使用后将治愈自身其治愈效果比治愈之手好多了...",
        "symbol": "@",
        "color": "red",
        "volume" : 1,		
		      "weight": 1,
        "material": ["wxkj_ts"],
      		"artifact_data" : 
		{
					"effects_activated":["AEA_HEAL","AEA_HEAL"],
					"charge_type": "ARTC_NULL"
		},
		"max_charges": 66,
		"initial_charges":0,
		"charges_per_use": 6,
		"turns_per_charge": 1,
		"ammo": "WXKJ_resoure_LQ_type",		
		"revert_to": "WXKJ_resoure_LQ",
		"revert_msg":"符篆耗尽灵气化作光点缓缓消逝.",
		"use_action": "ARTIFACT"
	}
	]