[
{
        "type":"TOOL",
        "id": "wxkj_FL3_cfxz1",
      		"category" : "wxkj_fz",
        "name": "符篆:冲锋陷阵",
        "name_plural": "符篆:冲锋陷阵",
        "description": "高级符篆,上面刻画着常人晦涩难懂的符文,使用后将拥有冲锋陷阵之志.",
        "symbol": "@",
        "color": "red",
        "volume" : 1,		
		      "weight": 1,
        "material": ["wxkj_ts"],
		"max_charges": 72,
		"initial_charges":0,
		"ammo": "WXKJ_resoure_LQ_type",
			"use_action": {
			"type": "transform",
			"msg": "随着灵气的流转,符篆被激发了!",
			"target": "wxkj_FL3_cfxz2",
			"active": true,
			"need_charges": 72,
			"need_charges_msg": "灵气不足以支撑符篆的激发"
			}
   	},
   	{
        "type":"TOOL",
        "id": "wxkj_FL3_cfxz2",
      		"category" : "wxkj_fz",
        "name": "符篆:冲锋陷阵",
        "name_plural": "符篆:冲锋陷阵",
        "description": "初级符篆,上面刻画着常人晦涩难懂的符文.",
        "symbol": "@",
        "color": "red",
        "volume" : 1,		
		      "weight": 1,
        "material": ["wxkj_ts"],
		"max_charges": 72,
		"initial_charges":0,
		"charges_per_use": 72,
		"turns_per_charge": 1,
		"ammo": "WXKJ_resoure_LQ_type",		
		"revert_to": "WXKJ_resoure_LQ",
		"revert_msg":"符篆耗尽灵气化作光点缓缓消逝.",
		  	"use_action":
		  [
			{
			"type" : "consume_drug",
			"activation_message" : "冲锋陷阵，有我无敌!触发技能:陷阵，持续时间5分钟。",
			"effects" : [ { "id" : "wx_effext_XZ", "duration" : 50 } ]
   }
   ]
	}
	]