[
{
        "type":"TOOL",
        "id": "wxkj_FL2_dxtc1",
      		"category" : "wxkj_fz",
        "name": "符篆:地形探测",
        "name_plural": "符篆:地形探测",
        "description": "初级符篆,上面刻画着常人晦涩难懂的符文,使用后将会探测周围的地形",
        "symbol": "@",
        "color": "red",
        "volume" : 1,		
		      "weight": 1,
        "material": ["wxkj_ts"],
		"max_charges": 48,
		"initial_charges":0,
		"ammo": "WXKJ_resoure_LQ_type",
			"use_action": {
			"type": "transform",
			"msg": "随着灵气的流转,符篆被激发了!",
			"target": "wxkj_FL2_dxtc2",
			"active": true,
			"need_charges": 48,
			"need_charges_msg": "灵气不足以支撑符篆的激发"
			}
   	},
   	{
        "type":"TOOL",
        "id": "wxkj_FL2_dxtc2",
      		"category" : "wxkj_fz",
        "name": "符篆:地形探测",
        "name_plural": "符篆:地形探测",
        "description": "初级符篆,上面刻画着常人晦涩难懂的符文,使用后将会探测周围的地形.",
        "symbol": "@",
        "color": "red",
        "volume" : 1,		
		      "weight": 1,
        "material": ["wxkj_ts"],
      		"artifact_data" : 
		{
					"effects_activated":["AEA_MAP"]
		},
		"max_charges": 48,
		"initial_charges":0,
		"charges_per_use": 48,
		"turns_per_charge": 1,
		"ammo": "WXKJ_resoure_LQ_type",		
		"revert_to": "WXKJ_resoure_LQ",
		"revert_msg":"符篆耗尽灵气化作光点缓缓消逝.",
		"use_action": "ARTIFACT"
	
		
		
	}
	]