[
 {
		"type" : "recipe",
		"result" : "wxkj_FL3_dgsx1",
		"category" : "CC_无限商店",
		"subcategory": "CSC_无限商店_符篆",
    "time": 10000,
    "flags": ["BLIND_EASY"],
    "skills_required" : [ "WX_SKILL-LQ", 3 ],
    "skill_used": "WX_SKILL-FZJT",
    "difficulty": 3,
    "book_learn" : [ ["Spell_03",1] ],
    "reversible": false,
    "autolearn": true,
    "qualities": [ { "id": "WXKJ_ZF_01", "level": 2 } ],
    "components":
     [
      [ 
      [ "WXKJ_ll_thunder", 128 ]       
      ],
      [ [ "wxkj_jade_small", 1 ] ]
     ]
  },
{
        "type":"TOOL",
        "id": "wxkj_FL3_dgsx1",
      		"category" : "wxkj_fz",
        "name": "符篆:伪•电光神行",
        "name_plural": "符篆:伪•电光神行",
        "description": "高级符篆,上面刻画着常人晦涩难懂的符文,使用后使用者的速度将比拟电光,但是因为绘制过程中缺少了某些材料，因此有一些副作用,并且效果也大打折扣.",
        "symbol": "@",
        "color": "red",
        "volume" : 1,		
		      "weight": 1,
        "material": ["wxkj_ts"],
		"max_charges": 64,
		"initial_charges":0,
		"ammo": "WXKJ_resoure_LQ_type",
			"use_action": {
			"type": "transform",
			"msg": "随着灵气的流转,符篆被激发了!",
			"target": "wxkj_FL3_dgsx2",
			"active": true,
			"need_charges": 64,
			"need_charges_msg": "灵气不足以支撑符篆的激发"
			}
   	},
   	{
        "type":"TOOL",
        "id": "wxkj_FL3_dgsx2",
      		"category" : "wxkj_fz",
        "name": "符篆:伪•电光神行",
        "name_plural": "符篆:电光神行",
        "description": "高级符篆,上面刻画着常人晦涩难懂的符文,使用后使用者的速度将比拟电光,但是因为绘制过程中缺少了某些材料，因此有一些副作用,并且效果也大打折扣.",
        "symbol": "@",
        "color": "red",
        "volume" : 1,		
		      "weight": 1,
        "material": ["wxkj_ts"],
		"max_charges": 64,
		"initial_charges":0,
		"charges_per_use": 64,
		"turns_per_charge": 1,
		"ammo": "WXKJ_resoure_LQ_type",		
		"revert_to": "WXKJ_resoure_LQ",
		"revert_msg":"符篆耗尽灵气化作光点缓缓消逝.",
		  	"use_action":
		  [
			{
			"type" : "consume_drug",
			"activation_message" : "电光神行，化雷而击!触发技能:电光神行，持续时间18秒。",
			"effects" : [ { "id" : "wx_effext_DGSX01", "duration" : 2 } ]
   }
   ]
	}
	]