[
  {
    "type" : "vehicle_part",
    "id" : "磁悬浮_part",
    "name" : "磁悬浮装置",
    "description": "利用“同性相斥，异性相吸”的原理，使载具具有抗拒地心引力的能力，使载具完全脱离地面，悬浮在距离地面约1m处，腾空行驶.",
    "symbol" : "o",
    "color" : "brown",
    "broken_symbol" : "x",
    "broken_color" : "light_gray",
    "damage_modifier" : 50,
    "durability" : 100000,
    "item" : "cxf_zz",
    "difficulty" : 2,
    "location" : "under",
    "flags" : ["WHEEL","STABLE",  "STEERABLE","FLIES"],
 
    "breaks_into" : [ {"item": "splinter", "count": [10, 20]} ]
  }
]
