[
  {
    "type":"WHEEL",
    "id": "boat_steel",
    "symbol": "o",
    "color": "brown",
    "name": "钢制船板",
    "name_plural": "钢制船板",
    "description": "用于制造海船和内河船舶船体结构，有一定的强度、韧性、耐低温、耐腐蚀性能，以及较好的焊接性能.",
    "price": 8000,
    "material": ["steel"],
    "weight": 20000,
    "volume": 50,
    "bashing": 8,
    "to_hit": -1,
    "diameter": 30,
    "width": 4,
    "category": "veh_parts"
  }
]
