[
  {
    "type":"WHEEL",
    "id": "fold_boat_steel",
    "symbol": "o",
    "color": "brown",
    "name": "钢制船板",
    "description": "用于制造海船和内河船舶船体结构，有一定的强度、韧性、耐低温、耐腐蚀性能，以及较好的焊接性能.",
    "price": 8000,
    "material": ["steel"],
    "weight": 20000,
    "volume": 40,
    "bashing": 8,
    "to_hit": -1,
    "diameter": 30,
    "width": 4,
    "category": "veh_parts"
  },
  {
    "type" : "vehicle_part",
    "id" : "boat_steel_vh1",
    "name" : "钢制船板",
    "description": "用于制造海船和内河船舶船体结构，有一定的强度、韧性、耐低温、耐腐蚀性能，以及较好的焊接性能。",
    "symbol" : "o",
    "color" : "brown",
    "broken_symbol" : "x",
    "broken_color" : "light_gray",
    "damage_modifier" : 50,
    "durability" : 2000,
    "item" : "fold_boat_steel",
    "difficulty" : 3,
    "location" : "under",
    "flags" : ["FLOATS", "STABLE", "BOARDABLE"]
  },
    {
    "type" : "vehicle_part",
    "id" : "boat_steel_vh2",
    "name" : "钢制船板(可折叠)",
    "description": "用于制造海船和内河船舶船体结构，有一定的强度、韧性、耐低温、耐腐蚀性能，以及较好的焊接性能。",
    "symbol" : "o",
    "color" : "brown",
    "broken_symbol" : "x",
    "broken_color" : "light_gray",
    "damage_modifier" : 50,
    "durability" : 1000,
    "item" : "fold_boat_steel",
    "difficulty" : 4,
    "location" : "under",
    "folded_volume": 40,
    "flags" : ["FLOATS", "STABLE", "BOARDABLE","FOLDABLE"]
  }
]
