[
{
			"type" : "material",
		"ident" : "wxkj_meterial_Fe",
		"name" : "铁金属",
		"bash_resist" : 6,
		"cut_resist" : 6,
		"bash_dmg_verb" : "chipped",
		"cut_dmg_verb" : "shattered",
		"dmg_adj" :
			[
            "marked",
            "chipped",
            "cracked",
            "shattered"
			],
		"acid_resist" : 4,
		"elec_resist" : -2,
		"fire_resist" : 2,
		"chip_resist" : 6,
		"density" : 3,
        "burn_data": [
            { "immune": true },
            { "immune": true },
            { "immune": true }
        ]
        
	},
{
			"type" : "material",
		"ident" : "wxkj_meterial_Ti",
		"name" : "钛金属",
		"bash_resist" : 10,
		"cut_resist" : 10,
		"bash_dmg_verb" : "chipped",
		"cut_dmg_verb" : "shattered",
		"dmg_adj" :
			[
            "marked",
            "chipped",
            "cracked",
            "shattered"
			],
		"acid_resist" : 9,
		"elec_resist" : 0,
		"fire_resist" : 4,
		"chip_resist" : 10,
		"density" : 5,
        "burn_data": [
            { "immune": true },
            { "immune": true },
            { "immune": true }
        ]
        
	}
	]