[
	{
		"type" : "ITEM_CATEGORY",
		"id" : "wxkj_ore",
		"name" : "矿石",
		"sort_rank" : -1007
	},{
		"type" : "ITEM_CATEGORY",
		"id" : "wxkj_lq_lz",
		"name" : "灵植",
		"sort_rank" : -1006
	},{
		"type" : "ITEM_CATEGORY",
		"id" : "wxkj_lq",
		"name" : "灵气",
		"sort_rank" : -1005
	},{		
		"type" : "ITEM_CATEGORY",
		"id" : "wxkj_sq",
		"name" : "仙器",
		"sort_rank" : -1004
	},{			
		"type" : "ITEM_CATEGORY",
		"id" : "wxkj_lq_lq",
		"name" : "灵器",
		"sort_rank" : -1003
	},{			
		"type" : "ITEM_CATEGORY",
		"id" : "wxkj_fz",
		"name" : "符篆",
		"sort_rank" : -1002
	},{			
		"type" : "ITEM_CATEGORY",
		"id" : "wxkj_fq",
		"name" : "凡器",
		"sort_rank" : -1001
	},{			
		"type" : "ITEM_CATEGORY",
		"id" : "wxkj_ts",
		"name" : "特殊",
		"sort_rank" : -1000
	}
	
]