[
	{
        "type": "effect_type",
        "id": "wx_effext_LD",
        "name": ["龙胆"],
        "desc": ["血染征袍透甲红，当阳谁敢与争锋，古来冲阵扶危主，只有常山赵子龙。"],
        "remove_message": "龙胆增幅的增强效果消退了。",
        "removes_effects": ["fearparalyze"],	
        "blocks_effects": ["fearparalyze"],
		"max_duration": 1000,
        "base_mods": {
            "str_mod": [2],
            "dex_mod": [2],
            "speed_mod": [100],
            "stamina_min": [2]
   }
   },
  {
        "type": "effect_type",
        "id": "wx_effext_XZ",
        "name": ["陷阵"],
        "desc": ["冲锋陷阵,有我无敌。"],
        "remove_message": "陷阵增幅的增强效果消退了。",
        "removes_effects": ["fearparalyze"],	
        "blocks_effects": ["fearparalyze"],
		"max_duration": 1000,
        "base_mods": {
            "str_mod": [10],
            "dex_mod": [1],
            "speed_mod": [-50],
            "stamina_min": [1]
   }
   },
   	{
        "type": "effect_type",
        "id": "wx_effext_JZJS",
        "name": ["九转金身"],
        "desc": ["九转炼体，终成金身，无可撼动。"],
        "remove_message": "你身上的光芒渐渐消逝了。",
        "removes_effects": ["fearparalyze"],	
        "blocks_effects": ["fearparalyze"],
	      	"max_duration": 1000,
        "base_mods": {
            "stamina_min": [10]
   }
   },
     {
        "type": "effect_type",
        "id": "wx_effext_SXZS",
        "name": ["神行之术"],
        "desc": ["神行之术,御风而行。"],
        "remove_message": "你周身的灵力消散了,你的速度回归正常。",
        "removes_effects": ["fearparalyze"],	
        "blocks_effects": ["fearparalyze"],
		"max_duration": 1000,
        "base_mods": {
            "stamina_min": [1],
            "speed_mod": [100]
   }
   },
        {
        "type": "effect_type",
        "id": "wx_effext_DGSX01",
        "name": ["伪•电光神行"],
        "desc": ["电光神行,化雷而击."],
        "remove_message": "围绕你身边的雷灵气消散了.",
        "removes_effects": ["fearparalyze"],	
        "blocks_effects": ["fearparalyze"],
		"max_duration": 1000,
        "base_mods": {
        "speed_mod": [1000]
   }
   }
  ]