[{

	"type": "mod_tileset",
	"compatibility": [ "MSX++DEAD_PEOPLE","MshockXottoplus","MShock32Modded","ChestHole_iso","ChestHole32"],
	"tiles-new": [
	{
		"file": "64mon0-199.png",
    "sprite_width":64,
    "sprite_height":64,
    "sprite_offset_x":-16,
    "sprite_offset_y":-32,
    "tiles":
    [
        {
          "id": "mon_wxkj_mwzz1",
          "fg": 0,
          "rotates": false
        },
        {
          "id": "mon_wxkj_mwzz2",
          "fg": 0,
          "rotates": false
        },
        {
          "id": "mon_wxkj_mwzz3",
          "fg": 0,
          "rotates": false
        },
        {
          "id": "mon_wxkj_mwzz4",
          "fg": 0,
          "rotates": false
        },
        {
          "id": "mon_wxkj_mwc1",
          "fg": 1,
          "rotates": false
        },
        {
          "id": "mon_wxkj_mwc2",
          "fg": 1,
          "rotates": false
        },
        {
          "id": "mon_wxkj_mwc3",
          "fg": 1,
          "rotates": false
        },
        {
          "id": "mon_wxkj_mwc4",
          "fg": 1,
          "rotates": false
        },
        {
          "id": "mon_wxkj_mwh1",
          "fg": 2,
          "rotates": false
        },
        {
          "id": "mon_wxkj_mwh2",
          "fg": 2,
          "rotates": false
        },
        {
          "id": "mon_wxkj_mwh3",
          "fg": 2,
          "rotates": false
        },
        {
          "id": "mon_wxkj_mwh4",
          "fg": 2,
          "rotates": false
        },
        {
          "id": "mon_wxkj_xhl1",
          "fg": 3,
          "rotates": false
        },
        {
          "id": "mon_wxkj_hkl1",
          "fg": 4,
          "rotates": false
        }
		]},
			{
		"file": "96mon200-299.png",
    "sprite_width":96,
    "sprite_height":96,
    "sprite_offset_x":-24,
    "sprite_offset_y":-64,
    "tiles":
    [
        {
          "id": "mon_wxkj_phl1",
          "fg": 200,
          "rotates": false
        }
		]},	
			{
		"file": "32items300-499.png",
    "sprite_width":32,
    "sprite_height":32,
    "tiles":
    [
        {
          "id": "vp_boat_steel_vh1",
          "fg": 300,
          "rotates": false
        },  
        {
          "id": "vp_boat_steel_vh2",
          "fg": 300,
          "rotates": false
        }
		]}
	
	
	]
	
	 
}]