    [
   {	
		"type": "profession",
		"ident": "wxkj_cs",
		"name": "末日资深者",
		"description": "你已经在废土中生存了一段时间。",
		"points": 1,
		"skills": 
			[
				{
				"level": 4,
				"name": "survival"
				},
				{
				"level": 1,
				"name": "gun"
				},		
					{
				"level": 2,
				"name": "melee"
				},
					{
				"level": 1,
				"name": "fabrication"
				},
				{
				"level": 1,
				"name": "archery"
				}
			],
		"items": 
			{
			"both": [
				  "wx_lz_1",
		    "WXKJ_CS_长枪",
        "wxwb",
        "snuggie",
        "hat_knit",
        "sneakers",
        "gloves_leather",
        "mask_filter"
        
				],
            "male": [
                "boxer_shorts"
				],
            "female": [
                "bra",
                "boxer_shorts"
				]		
			},
		"flags": ["SCEN_ONLY"]
	}

]