[
	{
		"type" : "ammunition_type",
		"id" : "WXKJ_resoure_LQ_type",
		"name" : "灵气",
		"default" : "WXKJ_resoure_LQ"
	},{
		"type" : "ammunition_type",
		"id" : "WXKJ_resoure_XQ_type",
		"name" : "仙气",
		"default" : "WXKJ_resoure_XQ"
	},{
		"type" : "ammunition_type",
		"id" : "WXKJ_resoure_HP_type",
		"name" : "魂魄",
		"default" : "WXKJ_resoure_HP"
	},{
		"type" : "ammunition_type",
		"id" : "SKJB_type",
		"name" : "时空晶币",
		"default" : "SKJB"
	},{		
		"type" : "AMMO",
		"id" : "WXKJ_resoure_LQ",
		"category" : "wxkj_lq",
		"name" : "灵气",
		"name_plural" : "灵气",
		"symbol" : "$",
		"color" : "brown",
		"description" : "门明是对，司帝之门，吐纳灵气，熊魂魄.",
		"material" : "wxkj_ts",
		"volume" : 0,
		"ammo_type" : "WXKJ_resoure_LQ_type"
	},{
		"type" : "AMMO",
		"id" : "WXKJ_resoure_XQ",
		"category" : "wxkj_lq",
		"name" : "仙气",
		"name_plural" : "仙气",
		"symbol" : "$",
		"color" : "light_gray",
		"description" : "由高浓度的灵气升华形成的进阶能量.",
		"material" : "wxkj_ts",
		"ammo_type" : "WXKJ_resoure_XQ_type"
	},{
		"type" : "AMMO",
		"id" : "WXKJ_resoure_HP",
		"category" : "wxkj_ts",
		"name" : "魂魄",
		"name_plural" : "魂魄",
		"symbol" : "$",
		"color" : "yellow",
		"description" : "魄力不息，阴魂不散",
		"material" : "wxkj_ts",
		"ammo_type" : "WXKJ_resoure_HP_type"		
	},{
		"type" : "AMMO",
		"id" : "SKJB",
		"category" : "wxkj_lq",
		"name" : "时空晶币",
		"name_plural" : "时空晶币",
		"symbol" : "'",
		"color" : "yellow",
		"description" : "可在时空商城中兑换各类物品",
		"material" : "wxkj_ts",
		"ammo_type" : "SKJB_type",
		"effects" : ["NEVER_MISFIRES"]
	}
]