   [
	{
    "type" : "BOOK",
		"id" : "GDBQP",
		"name" : "《古代兵器谱》",
		"description" : "里面详细的描述着诸多古代盛传的兵器!",
		"weight" : 500,
		"color" : "black",
		"intelligence" : 6,
		"symbol" : "?",
		"material" : ["paper"],
		"volume" : 5,
		"time" : 10		
  },
  {
		"type" : "recipe",
		"result" : "GDBQP",
		"category" : "CC_无限商店",
		"subcategory": "CSC_无限商店_秘籍",
    "time": 100,
    "qualities": [ { "id": "INTERNET", "level": 1 } ],
    "flags": ["BLIND_EASY"],
    "reversible": false,
    "autolearn": true,
    "components": [
      [ [ "SKJB", 100 ] ],
      [ [ "paper", 1 ] ]     
    ]
  }
]
