   [
	{
    "type" : "BOOK",
		"id" : "wxkj_book_jl",
		"name" : "《精灵驯养手札》",
		"description" : "这本手札讲述着如何驯养精灵的方法!\n第一步,靠近精灵使用精灵球.\n第二步,给精灵喂养精灵食物\n第三步,将精灵装入精灵球.",
		"weight" : 500,
		"color" : "black",
		"intelligence" : 10,
		"symbol" : "?",
		"material" : ["paper"],
		"volume" : 5,
		"time" : 10,
		"required_level" : 0,
		"max_level" : 1,
		"skill" : "survival"
  },
 {
		"type" : "recipe",
		"result" : "wxkj_book_jl",
		"category" : "CC_无限商店",
		"subcategory": "CSC_无限商店_秘籍",
    "time": 100,
    "qualities": [ { "id": "INTERNET", "level": 1 } ],
    "reversible": false,
    "autolearn": true,
    "flags": ["BLIND_EASY"],
    "components": [
      [ [ "SKJB", 10 ] ],
      [ [ "paper", 1 ] ]
     
    ]
  }
]

  






