[  {
    "id": "wxkj_mw_food",
    "type": "TOOL",
    "category" : "wxkj_ts",
    "name": "精灵食物",
    "name_plural": "精灵食物",
    "description": "用于驯养精灵的食物.",
    "weight": 300,
    "volume": 1,
    "price": 100,
    "to_hit": -5,
    "material": "veggy",
    "symbol": ";",
    "color": "brown",
    "use_action": "BIRDFOOD"
  },
   {
		"type" : "recipe",
		"result" : "wxkj_mw_food",
		"category" : "CC_无限商店",
		"subcategory": "CSC_无限商店_材料",
    "time": 100,
    "qualities": [ { "id": "INTERNET", "level": 1 } ],
    "reversible": false,
    "autolearn": true,
    "flags": ["BLIND_EASY"],
    "components": [
      [ [ "SKJB", 500 ] ]    
    ]
  }
  ]