   [
{
    "type" : "BOOK",
		"id" : "ldlhj_01",
		"name" : "《六道轮回经》(畜牲道)",
		"description" : "里面记载着《六道轮回经》中畜牲道的修行法诀.",
		"weight" : 500,
		"color" : "black",
		"intelligence" : 10,
		"symbol" : "?",
		"material" : ["paper"],
		"volume" : 5,
		"time" : 60,
		"required_level" : 1,
		"max_level" : 2,
		"skill" : "WX_SKILL-LQ"
  },
 	{
    "type" : "BOOK",
		"id" : "ldlhj_02",
		"name" : "《六道轮回经》(饿鬼道)",
		"description" : "里面记载着《六道轮回经》中饿鬼道的修行法诀.",
		"weight" : 500,
		"color" : "black",
		"intelligence" : 10,
		"symbol" : "?",
		"material" : ["paper"],
		"volume" : 5,
		"time" : 60,
		"required_level" : 2,
		"max_level" : 3,
		"skill" : "WX_SKILL-LQ"
  },
  	{
    "type" : "BOOK",
		"id" : "ldlhj_03",
		"name" : "《六道轮回经》(地狱道)",
		"description" : "里面记载着《六道轮回经》中地狱道的修行法诀.",
		"weight" : 500,
		"color" : "black",
		"intelligence" : 10,
		"symbol" : "?",
		"material" : ["paper"],
		"volume" : 5,
		"time" : 60,
		"required_level" : 4,
		"max_level" : 5,
		"skill" : "WX_SKILL-LQ"
  },
  {
    "type" : "BOOK",
		"id" : "ldlhj_04",
		"name" : "《六道轮回经》(阿修罗道)",
		"description" : "里面记载着《六道轮回经》中阿修罗道的修行法诀.",
		"weight" : 500,
		"color" : "black",
		"intelligence" : 10,
		"symbol" : "?",
		"material" : ["paper"],
		"volume" : 5,
		"time" : 60,
		"required_level" : 5,
		"max_level" : 6,
		"skill" : "WX_SKILL-XXTF"
  },
 	{
    "type" : "BOOK",
		"id" : "ldlhj_05",
		"name" : "《六道轮回经》(人间道)",
		"description" : "里面记载着《六道轮回经》中人间道的修行法诀.",
		"weight" : 500,
		"color" : "black",
		"intelligence" : 10,
		"symbol" : "?",
		"material" : ["paper"],
		"volume" : 5,
		"time" : 60,
		"required_level" : 7,
		"max_level" : 8,
		"skill" : "WX_SKILL-LQ"
  },
  {
    "type" : "BOOK",
		"id" : "ldlhj_06",
		"name" : "《六道轮回经》(天道上卷)",
		"description" : "里面记载着《六道轮回经》中天道篇上部分的修行法诀.",
		"weight" : 500,
		"color" : "black",
		"intelligence" : 10,
		"symbol" : "?",
		"material" : ["paper"],
		"volume" : 5,
		"time" : 60,
		"required_level" : 8,
		"max_level" : 9,
		"skill" : "WX_SKILL-XXTF"
  },
    {
    "type" : "BOOK",
		"id" : "ldlhj_07",
		"name" : "《六道轮回经》(天道下卷)",
		"description" : "里面记载着《六道轮回经》中天道篇下部分的修行法诀.",
		"weight" : 500,
		"color" : "black",
		"intelligence" : 10,
		"symbol" : "?",
		"material" : ["paper"],
		"volume" : 5,
		"time" : 60,
		"required_level" : 8,
		"max_level" : 9,
		"skill" : "WX_SKILL-LQ"
  }
]
